relevance_score,module,year,title,doi,indexed_in,query_ids,term_groups,screening_status
10,A,2024,Organochlorine Pesticides in Dairy Cows’ Diet and the Carryover into Milk in NW Romania,10.3390/su16010434,OpenAlex,A_animal_food;A_transfer,animal;exposure;feed;food;pesticide;transfer,CANDIDATE_TITLE_ABSTRACT
10,A,2024,Prioritization of chemical food safety hazards in the European feed supply chain,10.1111/1541-4337.70025,OpenAlex,A_transfer,animal;exposure;feed;food;pesticide;transfer,CANDIDATE_TITLE_ABSTRACT
10,A,2024,"Residual pattern, dietary risk assessment and livestock dietary burden of five fungicides on wheat in twelve different regions of China",,Europe PMC,A_burden,animal;exposure;feed;food;pesticide;transfer,CANDIDATE_TITLE_ABSTRACT
9,B,2021,"Determination of residues of pesticides, anabolic steroids, antibiotics, and antibacterial compounds in meat products in Oman by liquid chromatography/mass spectrometry and enzyme-linked immunosorbent assay",10.14202/vetworld.2021.709-720,OpenAlex,B_vmpr,animal;exposure;feed;food;pesticide;vet,CANDIDATE_TITLE_ABSTRACT
9,A,2018,Livestock and climate change: impact of livestock on climate and mitigation strategies,10.1093/af/vfy034,OpenAlex,A_burden;A_trade,animal;feed;food;pesticide;transfer,CANDIDATE_TITLE_ABSTRACT
9,A,2014,Nanotechnology in agri-food production: an overview,10.2147/nsa.s39406,OpenAlex,A_trade,animal;feed;food;pesticide;transfer,CANDIDATE_TITLE_ABSTRACT
8,B,2023,Recent Advances in the Determination of Veterinary Drug Residues in Food,10.3390/foods12183422,OpenAlex,B_vmpr,animal;exposure;feed;food;vet,CANDIDATE_TITLE_ABSTRACT
8,A;B,2021,Rational Pharmacotherapy in Infectious Diseases: Issues Related to Drug Residues in Edible Animal Tissues,10.3390/ani11102878,OpenAlex,A_transfer;B_vmpr,animal;exposure;feed;food;vet,CANDIDATE_TITLE_ABSTRACT
8,B,2020,Study of the antibiotic residues in poultry meat in some of the EU countries and selection of the best compositions of lactic acid bacteria and essential oils against Salmonella enterica,10.1016/j.psj.2020.05.002,OpenAlex,B_vmpr,animal;exposure;feed;food;vet,CANDIDATE_TITLE_ABSTRACT
8,B,2012,Dietary exposure assessment of ß-lactam antibiotic residues in milk on Croatian market,,OpenAlex,B_vmpr,animal;exposure;feed;food;vet,CANDIDATE_TITLE_ABSTRACT
7,B,2024,Antibiotic Residues in UK Foods: Exploring the Exposure Pathways and Associated Health Risks,10.3390/toxics12030174,OpenAlex,B_vmpr,exposure;feed;food;vet,CANDIDATE_TITLE_ABSTRACT
7,B,2023,"Sulfonamides and β-lactam antibiotic residues and human health risk assessment in commercial chicken meat sold in Nairobi City, Kenya",10.1016/j.heliyon.2023.e18810,OpenAlex,B_vmpr,exposure;feed;food;vet,CANDIDATE_TITLE_ABSTRACT
7,A;B,2023,Surveillance of veterinary drug residues in food commonly consumed in Singapore and assessment of dietary exposure,10.1016/j.heliyon.2023.e21160,OpenAlex,A_transfer;B_vmpr,animal;exposure;food;vet,CANDIDATE_TITLE_ABSTRACT
7,B,2013,Joint Statement of EFSA and EMA on the presence of residues of phenylbutazone in horse meat,10.2903/j.efsa.2013.3190,OpenAlex,B_vmpr,animal;exposure;food;vet,CANDIDATE_TITLE_ABSTRACT
6,A,2026,Evaluation of confirmatory data following the Article 12 MRL review for quinmerac.,10.2903/j.efsa.2026.10189,Europe PMC,A_burden,animal;exposure;feed;food;framework;transfer,CANDIDATE_TITLE_ABSTRACT
6,A,2026,How Glyphosate and Its Derivatives Influence Antimicrobial Resistance Emergence and Transmission: A One Health Perspective.,10.3390/antibiotics15040419,Europe PMC,A_trade,animal;exposure;feed;framework;pesticide;transfer,CANDIDATE_TITLE_ABSTRACT
6,A,2026,"Impacts of Food Adulteration and Contamination: Health, Socio-Economic, and Legislative Aspects.",10.3390/foods15173041,Europe PMC,A_burden;A_trade,animal;exposure;feed;food;framework;pesticide,CANDIDATE_TITLE_ABSTRACT
6,A,2026,Pesticide residues in animal feed: emerging risks for animal health and crop production,10.3389/fsufs.2026.1948597,OpenAlex,A_transfer,animal;exposure;feed;framework;pesticide;transfer,CANDIDATE_TITLE_ABSTRACT
6,A,2025,Evaluation of confirmatory data following the Article 12 MRL review for terbuthylazine.,10.2903/j.efsa.2025.9231,Europe PMC,A_burden,animal;exposure;feed;food;framework;transfer,CANDIDATE_TITLE_ABSTRACT
6,A,2025,"Extended-spectrum &lt;i&gt;β&lt;/i&gt;-lactamase (ESβL)-producing &lt;i&gt;Escherichia coli&lt;/i&gt; in antibiotic-free and conventional chicken meat, Brazil.",10.3389/fmicb.2025.1593887,Europe PMC,A_trade,animal;exposure;feed;food;framework;pesticide,CANDIDATE_TITLE_ABSTRACT
6,F,2025,Guidance on the use of read‐across for chemical safety assessment in food and feed,10.2903/j.efsa.2025.9586,OpenAlex,framework,animal;exposure;feed;framework,CANDIDATE_TITLE_ABSTRACT
6,A,2025,Modeling antimicrobial fate in the circular food system,10.1111/risa.70044,OpenAlex,A_animal_food,animal;exposure;feed;food;framework;transfer,CANDIDATE_TITLE_ABSTRACT
6,A,2024,"Chemical contaminants in donkey milk: A review of literature on sources, routes and pathways of contamination, regulatory framework, health risks, and preventive measures.",10.1016/j.heliyon.2024.e39999,Europe PMC,A_trade,animal;exposure;food;framework;pesticide;vet,CANDIDATE_TITLE_ABSTRACT
6,F,2024,Exploring the use of Artificial Intelligence (AI) for extracting and integrating data obtained through New Approach Methodologies (NAMs) for chemical risk assessment,10.2903/sp.efsa.2024.en-8567,OpenAlex,framework,animal;exposure;feed;framework,CANDIDATE_TITLE_ABSTRACT
6,F,2024,Impacts of micro- and nanoplastics on early-life health: a roadmap towards risk assessment,10.1186/s43591-024-00089-3,OpenAlex,framework,animal;exposure;framework;transfer,CANDIDATE_TITLE_ABSTRACT
6,F,2024,"Risk Assessment for Cyber Resilience of Critical Infrastructures: Methods, Governance, and Standards",10.3390/app142411807,OpenAlex,framework,animal;exposure;feed;framework,CANDIDATE_TITLE_ABSTRACT
6,F,2023,"New approach methodologies in human regulatory toxicology – Not if, but how and when!",10.1016/j.envint.2023.108082,OpenAlex,framework,animal;exposure;feed;framework,CANDIDATE_TITLE_ABSTRACT
6,F,2021,Development of Integrated Approaches to Testing and Assessment (IATA) case studies on developmental neurotoxicity (DNT) risk assessment,10.2903/j.efsa.2021.6599,OpenAlex,framework,exposure;feed;framework;pesticide,CANDIDATE_TITLE_ABSTRACT
6,B,2020,Analytical Detection of Sulfonamides and Organophosphorus Insecticide Residues in Fish in Taiwan,10.3390/molecules25071501,OpenAlex,B_vmpr,exposure;food;vet,CANDIDATE_TITLE_ABSTRACT
6,F,2020,Framework for Developing Data-Driven Nutrition Interventions Targeting High-Risk Low-Income Communities Nationwide,10.54660/.ijmrge.2020.1.3.244-271,OpenAlex,framework,animal;exposure;feed;framework,CANDIDATE_TITLE_ABSTRACT
5,A,2026,BMAA-Producing Cyanobacteria and Fish Contamination in Italy: An Emerging One Health Concern,10.70322/jwe.2026.10002,OpenAlex,A_animal_food,animal;exposure;feed;food;framework,CANDIDATE_TITLE_ABSTRACT
5,A,2026,Dietary Reactive Oxygen Species and Oxidative Stress: Pathogenic Mechanisms Linking Food and Feed Exposure to Disease in Humans and Companion Animals.,10.3390/biology15171519,Europe PMC,A_burden,animal;exposure;feed;food;framework,CANDIDATE_TITLE_ABSTRACT
5,A,2026,Edible Insects: Food Safety Challenges and Regulatory Perspectives.,10.3390/foods15112018,Europe PMC,A_burden,animal;exposure;feed;pesticide;vet,CANDIDATE_TITLE_ABSTRACT
5,A,2026,"From Food Systems to Gut Microbiota: Dietary Substrates, Microbial Exposure and One Health.",10.3390/microorganisms14071482,Europe PMC,A_burden,exposure;feed;food;framework;transfer,CANDIDATE_TITLE_ABSTRACT
5,A,2026,"One Health perspective on mycotoxins in poultry production: Ecology, toxicological effects, occupational and environmental exposure, food safety risks, and mitigation strategies (2020-2025).",10.14202/vetworld.2026.2172-2207,Europe PMC,A_burden,animal;exposure;feed;food;framework,CANDIDATE_TITLE_ABSTRACT
5,A,2026,Review of the existing maximum residue levels for clopyralid according to Article 12 of Regulation (EC) No 396/2005.,10.2903/j.efsa.2026.10297,Europe PMC,A_burden;A_trade,animal;exposure;feed;framework;pesticide,CANDIDATE_TITLE_ABSTRACT
5,A,2026,"Risks Associated with Dietary Exposure to Contaminants from Foods Obtained from Marine and Fresh Water, Including Aquaculture.",10.3390/ijerph23010085,Europe PMC,A_trade,animal;exposure;feed;framework;pesticide,CANDIDATE_TITLE_ABSTRACT
5,A,2026,"The gut-liver axis in animal diseases: roles, mechanisms, and veterinary clinical applications.",10.3389/fvets.2026.1812064,Europe PMC,A_burden,animal;exposure;feed;food;framework,CANDIDATE_TITLE_ABSTRACT
5,A,2026,Toxicity of microplastics and associated chemicals: A comprehensive review of the current state of knowledge,10.21276/aatccreview.2026.14.02.20,OpenAlex,A_animal_food,animal;exposure;feed;pesticide;transfer,CANDIDATE_TITLE_ABSTRACT
5,A,2026,Uptake of Per- and Polyfluoroalkyl Substances (PFAS) in plants: A systematic review and meta-analysis research protocol,10.32942/x2wh5r,OpenAlex,A_transfer,animal;exposure;feed;framework;transfer,CANDIDATE_TITLE_ABSTRACT
5,A,2026,Use of conversion factors for the setting of MRLs of prothioconazole.,10.2903/j.efsa.2026.10115,Europe PMC,A_burden,animal;exposure;feed;food;transfer,CANDIDATE_TITLE_ABSTRACT
5,A,2025,"A One-Health Perspective of Antimicrobial Resistance (AMR): Human, Animals and Environmental Health.",10.3390/life15101598,Europe PMC,A_trade,animal;exposure;feed;framework;transfer,CANDIDATE_TITLE_ABSTRACT
5,A,2025,Artificial Intelligence-Driven Food Safety: Decoding Gut Microbiota-Mediated Health Effects of Non-Microbial Contaminants.,10.3390/foods15010022,Europe PMC,A_burden,animal;exposure;feed;framework;pesticide,CANDIDATE_TITLE_ABSTRACT
5,A,2025,Chemical Hazards in Products of Animal Origin in Cambodia from 2000 to 2023: A Systematic Review and Meta-Analysis.,10.3390/ijerph22081299,Europe PMC,A_trade,animal;exposure;feed;food;pesticide,CANDIDATE_TITLE_ABSTRACT
5,A,2025,Harmonizing maximum residue limits for pesticides in animal-derived foods,10.1186/s12302-025-01212-8,OpenAlex,A_animal_food,animal;exposure;food;framework;pesticide,CANDIDATE_TITLE_ABSTRACT
5,F,2025,ROLE OF MANAGEMENT INFORMATION SYSTEMS IN ENVIRONMENTAL RISK ASSESSMENT: A SYSTEMATIC REVIEW OF GEOGRAPHIC AND ECOLOGICAL APPLICATIONS,10.63125/k27tnn83,OpenAlex,framework,exposure;feed;framework,CANDIDATE_TITLE_ABSTRACT
5,F,2025,The Green HACCP Approach: Advancing Food Safety and Sustainability,10.3390/su17177834,OpenAlex,framework,exposure;feed;framework,CANDIDATE_TITLE_ABSTRACT
5,B,2024,Dietary Exposure to Pesticide and Veterinary Drug Residues and Their Effects on Human Fertility and Embryo Development: A Global Overview,10.3390/ijms25169116,OpenAlex,B_vmpr,animal;exposure;feed;pesticide;vet,CANDIDATE_TITLE_ABSTRACT
5,A,2023,Risks for animal health related to the presence of ochratoxin A (OTA) in feed,10.2903/j.efsa.2023.8375,OpenAlex,A_transfer,animal;exposure;feed;food;transfer,CANDIDATE_TITLE_ABSTRACT
5,F,2023,Roadmap for action on the environmental risk assessment of chemicals for insect pollinators (IPol‐ERA),10.2903/sp.efsa.2023.en-8431,OpenAlex,framework,exposure;framework;pesticide,CANDIDATE_TITLE_ABSTRACT
5,A,2022,A Critical Review of Bioaccumulation and Biotransformation of Organic Chemicals in Birds,10.1007/s44169-021-00007-1,OpenAlex,A_animal_food,animal;exposure;feed;food;transfer,CANDIDATE_TITLE_ABSTRACT
5,A,2022,Framework for defining pesticide maximum residue levels in feed: applications to cattle and sheep,10.1002/ps.7241,OpenAlex,A_animal_food;A_trade,animal;feed;framework;pesticide;transfer,CANDIDATE_TITLE_ABSTRACT
5,A,2022,"Micro(nano)plastics Prevalence, Food Web Interactions, and Toxicity Assessment in Aquatic Organisms: A Review",10.3389/fmars.2022.851281,OpenAlex,A_animal_food,animal;exposure;feed;food;transfer,CANDIDATE_TITLE_ABSTRACT
5,B,2022,Residues of pesticides and veterinary drugs in diets of dairy cattle from conventional and organic farms in Austria,10.1016/j.envpol.2022.120626,OpenAlex,B_vmpr,animal;exposure;feed;pesticide;vet,CANDIDATE_TITLE_ABSTRACT
5,A,2022,Transfer of polychlorinated dibenzo- p -dioxins and dibenzofurans (PCDD/Fs) and polychlorinated biphenyls (PCBs) from oral exposure into cow’s milk – Part I: state of knowledge and uncertainties,10.1017/s0954422422000178,OpenAlex,A_animal_food;A_transfer,animal;exposure;feed;food;transfer,CANDIDATE_TITLE_ABSTRACT
5,F,2021,Enhancing the use of exposure science across EU chemical policies as part of the European Exposure Science Strategy 2020–2030,10.1038/s41370-021-00388-4,OpenAlex,framework,animal;exposure;framework,CANDIDATE_TITLE_ABSTRACT
5,B,2021,European Food Safety Authority open access tools to estimate dietary exposure to food chemicals,10.1016/j.envint.2020.106357,OpenAlex,B_vmpr,animal;exposure;feed;framework;pesticide,CANDIDATE_TITLE_ABSTRACT
5,A,2021,Plant health and its effects on food safety and security in a One Health framework: four case studies,10.1186/s42522-021-00038-7,OpenAlex,A_burden;A_trade,animal;exposure;feed;framework;pesticide,CANDIDATE_TITLE_ABSTRACT
5,F,2021,The vulnerability sourcebook and climate impact chains – a standardised framework for a climate vulnerability and risk assessment,10.1108/ijccsm-07-2019-0042,OpenAlex,framework,exposure;feed;framework,CANDIDATE_TITLE_ABSTRACT
5,B,2020,"Hormones and Hormonal Anabolics: Residues in Animal Source Food, Potential Public Health Impacts, and Methods of Analysis",10.1155/2020/5065386,OpenAlex,B_vmpr,animal;exposure;feed;framework;vet,CANDIDATE_TITLE_ABSTRACT
5,A,2019,"Adverse Effects, Transformation and Channeling of Aflatoxins Into Food Raw Materials in Livestock",10.3389/fmicb.2019.02861,OpenAlex,A_transfer,animal;exposure;feed;food;transfer,CANDIDATE_TITLE_ABSTRACT
5,F,2018,The Exposome: Molecules to Populations,10.1146/annurev-pharmtox-010818-021315,OpenAlex,framework,animal;exposure;framework,CANDIDATE_TITLE_ABSTRACT
5,A,2017,Chemical amd physical hazards in the egg production chain in the Netherlands,10.18174/387371,OpenAlex,A_transfer,animal;exposure;feed;food;vet,CANDIDATE_TITLE_ABSTRACT
5,A,2016,The Effect of Hormones on the Quality of Poultry Meat,10.20546/ijcrbp.2016.301.012,OpenAlex,A_transfer,animal;exposure;feed;food;transfer,CANDIDATE_TITLE_ABSTRACT
5,B,2015,Scientific Opinion on the risks for human health related to the presence of tetrahydrocannabinol (THC) in milk and other food of animal origin,10.2903/j.efsa.2015.4141,OpenAlex,B_vmpr,animal;exposure;feed;food;transfer,CANDIDATE_TITLE_ABSTRACT
5,F,2014,Ocean acidification risk assessment for Alaska’s fishery sector,10.1016/j.pocean.2014.07.001,OpenAlex,framework,exposure;feed;framework,CANDIDATE_TITLE_ABSTRACT
5,A,2014,Phthalates in the food chain: measuring and modelling human exposure and impact on public health,,OpenAlex,A_animal_food,animal;exposure;feed;food;transfer,CANDIDATE_TITLE_ABSTRACT
5,A,2012,The health risk of the agricultural production in potentially contaminated sites: an environmental-health risk analysis,10.4081/jae.2012.e15,OpenAlex,A_animal_food,animal;exposure;feed;pesticide;transfer,CANDIDATE_TITLE_ABSTRACT
5,A,2008,Guidance Document on Magnitude of Pesticide Residues in Processed Commodities,10.1787/e2b71e69-en,OpenAlex,A_burden,animal;exposure;feed;pesticide;transfer,CANDIDATE_TITLE_ABSTRACT
4,A,2026,"An Integrated Review of Pesticides and Antibiotics in Agricultural Environments: Occurrence, Cross-Media Transport, and Plant Uptake.",10.3390/foods15081436,Europe PMC,A_burden,exposure;feed;food;pesticide,CANDIDATE_TITLE_ABSTRACT
4,A,2026,"Application, ecotoxicology and regulation of insecticides with special reference to neonicotinoids.",10.1080/19336934.2026.2677279,Europe PMC,A_trade,animal;feed;framework;pesticide,CANDIDATE_TITLE_ABSTRACT
4,A,2026,BeefPOP: a physiologically based toxicokinetic model describing the fate of polychlorinated biphenyls in growing beef cattle,10.1016/j.envint.2026.110193,OpenAlex,A_animal_food,animal;exposure;feed;food,CANDIDATE_TITLE_ABSTRACT
4,A,2026,Chloramphenicol Residue Analysis in Food and Environmental Matrices: Regulatory Framework and Advances in Trace-Level Determination.,10.3390/molecules31091440,Europe PMC,A_trade,animal;exposure;feed;framework,CANDIDATE_TITLE_ABSTRACT
4,A,2026,"Community Health Impacts of Pesticide Exposure: Pathways, Vulnerable Populations, and Public Health Responses.",10.3390/ijerph23070889,Europe PMC,A_burden,animal;exposure;feed;pesticide,CANDIDATE_TITLE_ABSTRACT
4,A,2026,Evaluation of confirmatory data following the Article 12 MRL review for ametoctradin.,10.2903/j.efsa.2026.9829,Europe PMC,A_burden,animal;exposure;feed;framework,CANDIDATE_TITLE_ABSTRACT
4,A,2026,Investigation of Potential Risks in Bio-Based Food Contact Materials (FCMs) From Microbial Exploitation of Agricultural Wastes: Case Studies of Bacterial Cellulose and Nisin.,10.1111/1541-4337.70480,Europe PMC,A_trade,animal;feed;framework;pesticide,CANDIDATE_TITLE_ABSTRACT
4,A,2026,One Health Approach in Ukraine: Current Status and Prospects for Implementation.,10.36519/idcm.2026.878,Europe PMC,A_trade,animal;exposure;feed;framework,CANDIDATE_TITLE_ABSTRACT
4,A,2026,Protocol for assessing wildlife exposure and risk from pesticides in tropical food chains with limited biomonitoring data,10.1016/j.xpro.2026.104824,OpenAlex,A_animal_food,animal;exposure;food;pesticide,CANDIDATE_TITLE_ABSTRACT
4,A,2026,Review of the existing maximum residue levels for clofentezine according to Article 12 of Regulation (EC) No 396/2005.,10.2903/j.efsa.2026.10260,Europe PMC,A_burden;A_trade,animal;exposure;feed;pesticide,CANDIDATE_TITLE_ABSTRACT
4,A,2026,SERS-Based Detection of Food Contaminants: From Laboratory Sensitivity to Practical Implementation-Bottlenecks and Pathways to Standardization.,10.3390/foods15173152,Europe PMC,A_burden;A_trade,food;framework;pesticide;transfer,CANDIDATE_TITLE_ABSTRACT
4,A,2026,Soil health to human health: impacts of soil contaminants on cardio-neurological health and clinical outcomes: a narrative review.,10.3389/fcvm.2026.1647648,Europe PMC,A_burden,animal;exposure;framework;pesticide,CANDIDATE_TITLE_ABSTRACT
4,A,2026,"The meat processing exposome in Africa: integrating traditional culinary practices, environmental co-exposures, and cancer prevention strategies.",10.3389/fonc.2026.1749287,Europe PMC,A_burden;A_trade,exposure;feed;food;framework,CANDIDATE_TITLE_ABSTRACT
4,A,2026,"Transformation of Agro-Industrial By-Products into High-Value Animal-Derived Foods: Bioactive Compounds, Microbiome-Mediated Biotransformation, Metabolomic Traceability and Circular Valorization.",10.3390/molecules31152710,Europe PMC,A_burden;A_trade,animal;feed;food;transfer,CANDIDATE_TITLE_ABSTRACT
4,A,2026,"Understanding donkey value chain in Kenya: mapping, governance, challenges, and equity.",10.1007/s11250-026-05195-3,Europe PMC,A_trade,animal;feed;food;framework,CANDIDATE_TITLE_ABSTRACT
4,A,2025,Advancing the One Health Framework in EU Plant Protection Product Regulation: Challenges and Opportunities.,10.3390/jox15060200,Europe PMC,A_trade,exposure;feed;framework;pesticide,CANDIDATE_TITLE_ABSTRACT
4,A,2025,"Determination of Aflatoxin M 1 , Organochlorine Pesticides, and Heavy Metals in Raw Milk of Iran",10.1002/fsn3.71135,OpenAlex,A_transfer,exposure;feed;food;pesticide,CANDIDATE_TITLE_ABSTRACT
4,A,2025,Dioxins and the One Health Paradigm: An Interdisciplinary Challenge in Environmental Toxicology.,10.3390/toxics13110964,Europe PMC,A_trade,animal;exposure;feed;framework,CANDIDATE_TITLE_ABSTRACT
4,A,2025,Investigating PCBs and OCPs in Lebanese Yogurt: National Contamination Patterns and Health Risk Assessment.,10.3390/foods14162866,Europe PMC,A_burden,animal;exposure;feed;pesticide,CANDIDATE_TITLE_ABSTRACT
4,A,2025,Modification of the existing maximum residue level for chlormequat in oat.,10.2903/j.efsa.2025.9385,Europe PMC,A_burden,animal;exposure;feed;transfer,CANDIDATE_TITLE_ABSTRACT
4,A,2025,Neurotoxic Effects of Pesticides: Implications for Neurodegenerative and Neurobehavioral Disorders.,10.3390/jox15030083,Europe PMC,A_trade,animal;exposure;feed;pesticide,CANDIDATE_TITLE_ABSTRACT
4,A,2025,Peer review of the pesticide risk assessment of the active substance maleic hydrazide.,10.2903/j.efsa.2025.9522,Europe PMC,A_burden,animal;exposure;framework;pesticide,CANDIDATE_TITLE_ABSTRACT
4,A,2025,Pesticide Residues in Fruits and Vegetables from Cape Verde: A Multi-Year Monitoring and Dietary Risk Assessment Study.,10.3390/foods14152639,Europe PMC,A_burden,animal;exposure;framework;pesticide,CANDIDATE_TITLE_ABSTRACT
4,A,2025,Scientific Opinion on the application of physiologically based kinetic (PBK) modelling for the quantitative in vitro to in vivo extrapolation (QIVIVE) of developmental neurotoxicity in vitro battery (DNT IVB) data for pesticide active substances.,10.2903/j.efsa.2025.9814,Europe PMC,A_burden,animal;exposure;feed;pesticide,CANDIDATE_TITLE_ABSTRACT
4,A,2025,"Situational analysis of human and agricultural health practice: One Health and antibiotic use in an indigenous village in rural Punjab, India.",10.1016/j.onehlt.2024.100946,Europe PMC,A_burden,animal;exposure;feed;pesticide,CANDIDATE_TITLE_ABSTRACT
4,A,2025,The Piggy Solution: Harnessing Food Waste for Sustainable Hog Farming.,10.1002/gch2.202500073,Europe PMC,A_burden;A_trade,animal;exposure;feed;framework,CANDIDATE_TITLE_ABSTRACT
4,A,2025,"Tomato Residue Silage as a Sustainable Feed for Lambs with Implications for Performance, Water Use and Meat Quality",10.3390/su17219453,OpenAlex,A_animal_food,animal;feed;food;pesticide,CANDIDATE_TITLE_ABSTRACT
4,B,2024,A comprehensive review on the fate and impact of antibiotic residues in the environment and public health: A special focus on the developing countries,10.1002/wer.10987,OpenAlex,B_vmpr,animal;exposure;feed;vet,CANDIDATE_TITLE_ABSTRACT
4,B,2024,Assessment of antibiotic residues in chicken meat,10.5455/ovj.2024.v14.i1.40,OpenAlex,B_vmpr,animal;feed;food;vet,CANDIDATE_TITLE_ABSTRACT
4,A,2024,Basic Principles for Setting MRLs for Pesticides in Food Commodities in Japan.,10.14252/foodsafetyfscj.d-23-00011,Europe PMC,A_burden;A_trade,animal;feed;pesticide;vet,CANDIDATE_TITLE_ABSTRACT
4,B,2024,"Exposure assessment of pesticide residues, heavy metals, and veterinary drugs through consumption of Egyptian fish samples",10.1016/j.toxrep.2024.101724,OpenAlex,B_vmpr,exposure;feed;pesticide;vet,CANDIDATE_TITLE_ABSTRACT
4,A,2024,Factors influencing the fate of chemical food safety hazards in the terrestrial circular primary food production system—A comprehensive review,10.1111/1541-4337.13324,OpenAlex,A_transfer,animal;feed;food;transfer,CANDIDATE_TITLE_ABSTRACT
4,A,2024,Generic methodology to prevent food contamination by soil born legacy POPs in free range livestock,10.1016/j.heliyon.2024.e28533,OpenAlex,A_transfer,animal;exposure;feed;transfer,CANDIDATE_TITLE_ABSTRACT
4,A,2024,"Polychlorinated dibenzo- p -dioxin and dibenzofuran contamination of free-range eggs: estimation of the laying hen’s soil ingestion based on a toxicokinetic model, and human consumption recommendations",10.1080/19440049.2024.2384416,OpenAlex,A_animal_food,animal;exposure;feed;food,CANDIDATE_TITLE_ABSTRACT
4,A,2024,Precision Livestock Farming Technology: Applications and Challenges of Animal Welfare and Climate Change,10.3390/agriculture14040620,OpenAlex,A_trade,animal;feed;food;framework,CANDIDATE_TITLE_ABSTRACT
4,A,2024,Replacement of soy by mealworms for livestock feed - A comparative review between soy and mealworms considering environmental aspects,10.1007/s10668-024-04874-1,OpenAlex,A_burden,animal;feed;framework;pesticide,CANDIDATE_TITLE_ABSTRACT
4,A,2024,Review of the existing maximum residue levels for gamma-cyhalothrin according to Article 12 of Regulation (EC) No 396/2005.,10.2903/j.efsa.2024.8758,Europe PMC,A_burden,animal;exposure;framework;pesticide,CANDIDATE_TITLE_ABSTRACT
4,A,2024,Sustainable poultry farming practices: a critical review of current strategies and future prospects,10.1016/j.psj.2024.104295,OpenAlex,A_burden,animal;feed;framework;pesticide,CANDIDATE_TITLE_ABSTRACT
4,A,2024,The implications of pesticide residue in food crops on human health: a critical review,10.1007/s44279-024-00141-z,OpenAlex,A_burden;A_trade,animal;exposure;framework;pesticide,CANDIDATE_TITLE_ABSTRACT
4,A,2024,"Transfer of pesticides and metabolites in corn: Production, processing, and livestock dietary burden",10.1016/j.scitotenv.2024.176932,Europe PMC;OpenAlex,A_burden,animal;feed;pesticide;transfer,CANDIDATE_TITLE_ABSTRACT
4,A,2023,"Biopesticides as a promising alternative to synthetic pesticides: A case for microbial pesticides, phytopesticides, and nanobiopesticides",10.3389/fmicb.2023.1040901,OpenAlex,A_animal_food,animal;feed;food;pesticide,CANDIDATE_TITLE_ABSTRACT
4,B,2023,Carry-Over of Aflatoxin B1 from Feed to Cow Milk—A Review,10.3390/toxins15030195,OpenAlex,B_vmpr,animal;feed;food;transfer,CANDIDATE_TITLE_ABSTRACT
4,A,2023,Experimental Study on the Transfer of Polychlorinated Biphenyls (PCBs) and Polychlorinated Dibenzo-p-dioxins and Dibenzofurans (PCDD/Fs) into Milk of High-Yielding Cows during Negative and Positive Energy Balance,10.1021/acs.jafc.3c02776,OpenAlex,A_transfer,animal;feed;food;transfer,CANDIDATE_TITLE_ABSTRACT
4,A,2023,Identification of potential hazard of consumption of novel products to public health (systematic review),10.47470/0016-9900-2023-102-5-495-501,OpenAlex,A_animal_food,animal;exposure;food;transfer,CANDIDATE_TITLE_ABSTRACT
4,A,2023,Safety Evaluation and Probabilistic Health Risk Assessment of Cow Milk Produced in Northern Italy According to Dioxins and PCBs Contamination Levels,10.3390/foods12091869,OpenAlex,A_transfer,animal;exposure;feed;food,CANDIDATE_TITLE_ABSTRACT
4,A,2023,Screening and quantification of antibiotic residues in poultry products and feed in selected areas of Bangladesh,10.14202/vetworld.2023.1747-1754,OpenAlex,A_burden,animal;feed;food;vet,CANDIDATE_TITLE_ABSTRACT
4,A,2023,Évaluer et réduire le transfert des polluants vers les biotes : ancrer les outils de l’évaluation et de gestion des sites et sols contaminés dans une approche « One Health ».,,OpenAlex,A_animal_food,animal;exposure;feed;transfer,CANDIDATE_TITLE_ABSTRACT
4,A,2022,"Animal board invited review: Animal source foods in healthy, sustainable, and ethical diets – An argument against drastic limitation of livestock in the food system",10.1016/j.animal.2022.100457,OpenAlex,A_burden;A_trade,animal;feed;food;pesticide,CANDIDATE_TITLE_ABSTRACT
4,B,2022,Coccidiostats and Poultry: A Comprehensive Review and Current Legislation,10.3390/foods11182738,OpenAlex,B_vmpr,animal;exposure;feed;food,CANDIDATE_TITLE_ABSTRACT
4,A,2022,Development and validation of liquid chromatography method for simultaneous determination of multiclass seven antibiotic residues in chicken tissues,10.1186/s13065-022-00797-y,OpenAlex,A_transfer,animal;feed;food;vet,CANDIDATE_TITLE_ABSTRACT
4,A,2022,Evaluating sulfoxaflor residues in pig tissues using animal modeling,10.5187/jast.2022.e67,OpenAlex,A_animal_food,animal;feed;food;pesticide,CANDIDATE_TITLE_ABSTRACT
4,B,2022,Human daily dietary intakes of antibiotic residues: Dominant sources and health risks,10.1016/j.envres.2022.113387,OpenAlex,B_vmpr,animal;exposure;feed;vet,CANDIDATE_TITLE_ABSTRACT
4,A,2022,Pesticide residues levels in raw cow's milk and health risk assessment across the globe: A systematic review,10.1016/j.envadv.2022.100266,OpenAlex,A_burden,animal;exposure;food;pesticide,CANDIDATE_TITLE_ABSTRACT
4,A,2022,"Residual pattern, dietary risk assessment and livestock dietary burden of five fungicides on wheat in twelve different regions of China",10.1016/j.jfca.2022.104974,OpenAlex,A_burden,animal;exposure;feed;transfer,CANDIDATE_TITLE_ABSTRACT
4,A,2022,Screening of pesticide distributions in foods of animal origin: a matrix-based approach for biotransfer factor modeling of grazing mammals,10.1039/d1em00454a,OpenAlex,A_animal_food;A_burden,animal;exposure;pesticide;transfer,CANDIDATE_TITLE_ABSTRACT
4,A,2022,"The public health issue of antibiotic residues in food and feed: Causes, consequences, and potential solutions",10.14202/vetworld.2022.662-671,OpenAlex,A_trade,animal;feed;transfer;vet,CANDIDATE_TITLE_ABSTRACT
4,A,2022,Transfer of polychlorinated dibenzo-p-dioxins and dibenzofurans (PCDD/Fs) and polychlorinated biphenyls (PCBs) from oral exposure into cow’s milk – part II: toxicokinetic predictive models for risk assessment,10.1017/s0954422422000208,OpenAlex,A_animal_food,animal;exposure;food;transfer,CANDIDATE_TITLE_ABSTRACT
4,A,2022,Trends and perspectives on general Pesticide analytical chemistry,10.1016/j.aac.2022.11.002,OpenAlex,A_burden,animal;exposure;feed;pesticide,CANDIDATE_TITLE_ABSTRACT
4,B,2022,Use of Milk Thistle in Farm and Companion Animals: A Review,10.1055/a-1969-2440,OpenAlex,B_vmpr,animal;feed;food;vet,CANDIDATE_TITLE_ABSTRACT
4,A,2021,"A Method Scope Extension for the Simultaneous Analysis of POPs, Current-Use and Banned Pesticides, Rodenticides, and Pharmaceuticals in Liver. Application to Food Safety and Biomonitoring",10.3390/toxics9100238,OpenAlex,A_transfer,exposure;feed;food;pesticide,CANDIDATE_TITLE_ABSTRACT
4,A,2021,Collection of human and environmental data on pesticide use in Europe and Argentina: Field study protocol for the SPRINT project,10.1371/journal.pone.0259748,OpenAlex,A_burden,animal;exposure;feed;pesticide,CANDIDATE_TITLE_ABSTRACT
4,F,2021,Demand side climate change mitigation actions and SDGs: literature review with systematic evidence search,10.1088/1748-9326/abd81a,OpenAlex,framework,animal;feed;food;framework,CANDIDATE_TITLE_ABSTRACT
4,A,2021,"Dietary Oxidative Distress: A Review of Nutritional Challenges as Models for Poultry, Swine and Fish",10.3390/antiox10040525,OpenAlex,A_burden,animal;exposure;feed;food,CANDIDATE_TITLE_ABSTRACT
4,F,2021,Disaster risk reduction and interdisciplinary education and training,10.1016/j.pdisas.2021.100165,OpenAlex,framework,animal;feed;food;transfer,CANDIDATE_TITLE_ABSTRACT
4,F,2021,Match words with deeds: Curbing water risk with the Sustainable Development Goal 6 index,10.1016/j.jclepro.2021.128509,OpenAlex,framework,animal;exposure;feed;food,CANDIDATE_TITLE_ABSTRACT
4,B,2021,"Multi-mycotoxin occurrence in feed, metabolism and carry-over to animal-derived food products: A review",10.1016/j.fct.2021.112661,OpenAlex,B_vmpr,animal;exposure;feed;food,CANDIDATE_TITLE_ABSTRACT
4,A;B,2021,"Probabilistic Risk Assessment of Dietary Exposure to Chloramphenicol in Guangzhou, China",10.3390/ijerph18168805,OpenAlex,A_burden;B_vmpr,animal;exposure;feed;food,CANDIDATE_TITLE_ABSTRACT
4,A,2021,Review: Quality of animal-source foods,10.1016/j.animal.2021.100376,OpenAlex,A_trade,animal;feed;food;framework,CANDIDATE_TITLE_ABSTRACT
4,B,2021,Worldwide Traceability of Antibiotic Residues from Livestock in Wastewater and Soil: A Systematic Review,10.3390/ani12010060,OpenAlex,B_vmpr,animal;feed;food;vet,CANDIDATE_TITLE_ABSTRACT
4,B,2020,Assessment of veterinary drug residues in food: Considerations when dealing with sub-optimal data,10.1016/j.yrtph.2020.104806,OpenAlex,B_vmpr,animal;exposure;feed;vet,CANDIDATE_TITLE_ABSTRACT
4,A,2020,Micro QuEChERS-based method for the simultaneous biomonitoring in whole blood of 360 toxicologically relevant pollutants for wildlife,10.1016/j.scitotenv.2020.139444,OpenAlex,A_transfer,animal;exposure;feed;pesticide,CANDIDATE_TITLE_ABSTRACT
4,A,2020,Potential contaminants and hazards in alternative chicken bedding materials and proposed guidance levels: a review,10.1016/j.psj.2020.09.047,OpenAlex,A_animal_food,feed;food;pesticide;transfer,CANDIDATE_TITLE_ABSTRACT
4,A,2020,Toxicological and Medical Aspects of Aspergillus-Derived Mycotoxins Entering the Feed and Food Chain,10.3389/fmicb.2019.02908,OpenAlex,A_trade,animal;exposure;feed;food,CANDIDATE_TITLE_ABSTRACT
4,A,2019,Glyphosate in livestock: feed residues and animal health1,10.1093/jas/skz295,OpenAlex,A_burden,animal;exposure;feed;pesticide,CANDIDATE_TITLE_ABSTRACT
4,A,2019,Pesticide contamination and associated risk factors at public playgrounds near intensively managed apple and wine orchards,10.1186/s12302-019-0206-0,OpenAlex,A_burden,animal;exposure;feed;pesticide,CANDIDATE_TITLE_ABSTRACT
4,A,2018,"A review of aflatoxin: occurrence, prevention, and gaps in both food and feed safety",10.15406/jnhfe.2018.08.00268,OpenAlex,A_transfer,animal;exposure;feed;food,CANDIDATE_TITLE_ABSTRACT
4,B,2018,Antibiotic Use in Agriculture and Its Consequential Resistance in Environmental Sources: Potential Public Health Implications,10.3390/molecules23040795,OpenAlex,B_vmpr,animal;exposure;feed;vet,CANDIDATE_TITLE_ABSTRACT
4,A,2018,"Development of a liquid-liquid, solid-phase extraction (SPE), LC-MS/MS analytical method for qualitative and quantitative drug residue analysis in white-tailed deer",,OpenAlex,A_transfer,animal;feed;food;vet,CANDIDATE_TITLE_ABSTRACT
4,A,2018,"Reviewing the relevance of dioxin and PCB sources for food from animal origin and the need for their inventory, control and management",10.1186/s12302-018-0166-9,OpenAlex,A_trade;A_transfer,animal;exposure;feed;food,CANDIDATE_TITLE_ABSTRACT
4,A,2017,Estudio de la presencia de micotoxinas en leche,,OpenAlex,A_transfer,animal;exposure;feed;food,CANDIDATE_TITLE_ABSTRACT
4,A,2017,Guidance Document on Pesticide Residue Analytical Methods,10.1787/5900bd46-en,OpenAlex,A_trade,animal;exposure;food;pesticide,CANDIDATE_TITLE_ABSTRACT
4,A,2017,Worldwide Regulations of Standard Values of Pesticides for Human Health Risk Control: A Review,10.3390/ijerph14070826,OpenAlex,A_trade,animal;exposure;feed;pesticide,CANDIDATE_TITLE_ABSTRACT
4,A,2016,Dietary burden calculations relating to fish metabolism studies,10.1002/jsfa.7607,OpenAlex,A_burden,exposure;feed;pesticide;transfer,CANDIDATE_TITLE_ABSTRACT
4,A,2015,Safeguarding human health in the Anthropocene epoch: report of The Rockefeller Foundation–Lancet Commission on planetary health,10.1016/s0140-6736(15)60901-1,OpenAlex,A_burden,animal;exposure;feed;food,CANDIDATE_TITLE_ABSTRACT
4,B,2015,Scientific Opinion on nitrofurans and their metabolites in food,10.2903/j.efsa.2015.4140,OpenAlex,B_vmpr,animal;exposure;feed;food,CANDIDATE_TITLE_ABSTRACT
4,A,2012,Pesticide productivity and food security. A review,10.1007/s13593-012-0105-x,OpenAlex,A_trade,animal;feed;food;pesticide,CANDIDATE_TITLE_ABSTRACT
4,F,2012,"Population Approaches to Improve Diet, Physical Activity, and Smoking Habits",10.1161/cir.0b013e318260a20b,OpenAlex,framework,exposure;framework,CANDIDATE_TITLE_ABSTRACT
4,A,2011,Efficacité de détoxication de l’aflatoxine B1 et de l’ochratoxine A par un adsorbant organique : Evaluation par la balance d’excrétion et les paramètres toxicocinétiques chez le rat et la brebis laitière,,OpenAlex,A_transfer,exposure;feed;food;transfer,CANDIDATE_TITLE_ABSTRACT
4,B,2011,Scientific Opinion on Pyrrolizidine alkaloids in food and feed,10.2903/j.efsa.2011.2406,OpenAlex,B_vmpr,animal;exposure;feed;food,CANDIDATE_TITLE_ABSTRACT
4,A,2011,"The Need and Potential of Biosensors to Detect Dioxins and Dioxin-Like Polychlorinated Biphenyls along the Milk, Eggs and Meat Food Chain",10.3390/s111211692,OpenAlex,A_animal_food,animal;exposure;feed;food,CANDIDATE_TITLE_ABSTRACT
4,A,2010,Application of systematic review methodology to food and feed safety assessments to support decision making,10.2903/j.efsa.2010.1637,OpenAlex,A_trade,animal;exposure;feed;framework,CANDIDATE_TITLE_ABSTRACT
4,A,2010,The carbon footprint of dairy production systems through partial life cycle assessment,10.3168/jds.2009-2162,OpenAlex,A_burden,animal;feed;food;pesticide,CANDIDATE_TITLE_ABSTRACT
4,A,2007,Effect of Flock Size on Dioxin Levels in Eggs from Chickens Kept Outside,10.1093/ps/86.9.2042,OpenAlex,A_animal_food,animal;exposure;feed;food,CANDIDATE_TITLE_ABSTRACT
4,A,2004,Carry-over of dioxins and PCBs from feed and soil to eggs at low contamination levels,,OpenAlex,A_animal_food,animal;exposure;feed;food,CANDIDATE_TITLE_ABSTRACT
4,A,2002,How sustainable agriculture can address the environmental and human health harms of industrial agriculture.,10.1289/ehp.02110445,OpenAlex,A_burden;A_trade,animal;feed;food;pesticide,CANDIDATE_TITLE_ABSTRACT
4,A,1996,"LCA impact assessment of toxic releases. Generic modelling of fate, exposure and effect for ecosystems and human beings with data for about 100 chemicals.",,OpenAlex,A_animal_food,exposure;feed;food;framework,CANDIDATE_TITLE_ABSTRACT
