pmid,title,pubdate,source,doi,query_ids
41829121,"Occurrence and Dietary Exposure Assessment of Quinolone Antibiotics in Animal-Derived Foods and Associated Health Risks Among Different Population Groups in Guangzhou, China.",2026 Mar 3,Foods,10.3390/foods15050848,veterinary_drug_exposure
41561650,Evaluation of confirmatory data following the Article 12 MRL review for ametoctradin.,2026 Jan,EFSA J,10.2903/j.efsa.2026.9829,livestock_feeding_studies
40297192,Modification of the existing maximum residue level for chlormequat in oat.,2025 Apr,EFSA J,10.2903/j.efsa.2025.9385,livestock_feeding_studies
37719918,Modification of the existing maximum residue levels for mefentrifluconazole in various commodities.,2023 Sep,EFSA J,10.2903/j.efsa.2023.8237,livestock_feeding_studies
37928012,Surveillance of veterinary drug residues in food commonly consumed in Singapore and assessment of dietary exposure.,2023 Nov,Heliyon,10.1016/j.heliyon.2023.e21160,veterinary_drug_exposure
36259312,Framework for defining pesticide maximum residue levels in feed: applications to cattle and sheep.,2023 Feb,Pest Manag Sci,10.1002/ps.7241,pesticide_transfer_review
35311012,Evaluation of confirmatory data following the Article 12 MRL review and modification of the existing maximum residue levels for deltamethrin in tomatoes and okra/lady's fingers.,2022 Mar,EFSA J,10.2903/j.efsa.2022.7107,livestock_feeding_studies
35861122,"Tetracyclines in pasteurized milk commercialized in São Paulo, Brazil: occurrence and dietary risk assessment based on single and combined exposure with polyether ionophores.",2022 Dec,Food Addit Contam Part B Surveill,10.1080/19393210.2022.2090616,veterinary_drug_exposure
35356957,Screening of pesticide distributions in foods of animal origin: a matrix-based approach for biotransfer factor modeling of grazing mammals.,2022 Apr 21,Environ Sci Process Impacts,10.1039/d1em00454a,pesticide_transfer_review
33641952,"Polyether ionophores residues in pasteurized milk marketed in the state of São Paulo, Brazil: Occurrence and exposure assessment.",2021 Mar,Food Res Int,10.1016/j.foodres.2020.110015,veterinary_drug_exposure
33506591,A review of microbes and chemical contaminants in dairy products in sub-Saharan Africa.,2021 Mar,Compr Rev Food Sci Food Saf,10.1111/1541-4337.12712,veterinary_drug_exposure
33567732,The Intra-European Union Food Trade with the Relation to the Notifications in the Rapid Alert System for Food and Feed.,2021 Feb 8,Int J Environ Res Public Health,10.3390/ijerph18041623,integrated_trade_attribution
32626430,Evaluation of confirmatory data following the Article 12 MRL review for fludioxonil.,2019 Sep,EFSA J,10.2903/j.efsa.2019.5812,livestock_feeding_studies
32626326,Evaluation of confirmatory data following the Article 12 MRL review for bentazone.,2019 May,EFSA J,10.2903/j.efsa.2019.5704,livestock_feeding_studies
32626219,Evaluation of confirmatory data following the Article 12 MRL review for spinosad.,2019 Feb,EFSA J,10.2903/j.efsa.2019.5592,livestock_feeding_studies
25247384,"Oxytetracycline, tetracycline, chlortetracycline and doxycycline in pasteurised cow's milk commercialised in Brazil.",2015,Food Addit Contam Part B Surveill,10.1080/19393210.2014.968881,veterinary_drug_exposure
22360146,"Anthelmintic drug residues in beef: UPLC-MS/MS method validation, European retail beef survey, and associated exposure and risk assessments.",2012,Food Addit Contam Part A Chem Anal Control Expo Risk Assess,10.1080/19440049.2011.653696,veterinary_drug_exposure
18328408,Safety and nutritional assessment of GM plants and derived food and feed: the role of animal feeding trials.,2008 Mar,Food Chem Toxicol,10.1016/j.fct.2008.02.008,livestock_feeding_studies
10605889,Effect of cooking on veterinary drug residues in food. Part 9. Nitroimidazoles.,1999 Mar,Analyst,10.1039/a809062i,veterinary_drug_exposure
8718742,The effect of cooking on veterinary drug residues in food: 4. Oxytetracycline.,1996 Apr,Food Addit Contam,10.1080/02652039609374409,veterinary_drug_exposure
8587148,Dietary intake estimates as a means to the harmonization of maximum residue levels for veterinary drugs. I. Concept.,1995 Oct,J Vet Pharmacol Ther,10.1111/j.1365-2885.1995.tb00598.x,veterinary_drug_exposure
8608848,The effect of cooking on veterinary drug residues in food: 3. Sulphamethazine (sulphadimidine).,1995 Nov-Dec,Food Addit Contam,10.1080/02652039509374366,veterinary_drug_exposure
7758633,The effect of cooking on veterinary drug residues in food: 1. Clenbuterol.,1995 Jan-Feb,Food Addit Contam,10.1080/02652039509374280,veterinary_drug_exposure
