source_id,source_name,official_url,scientific_role,current_local_state,priority,license_or_terms,schema_hash_status,scientific_admission,notes
FAOSTAT_FEED,FAOSTAT Food Balance Sheets Feed element,https://data.fao.org/catalog/dataset/e4f1fc7d-2f74-4167-a6d8-d3dba4f384b2,national feed-use allocation,ACQUIRED_BOUNDED_PILOT,P1,CC-BY-4.0_PLUS_FAO_DATABASE_TERMS,PASS,ADMIT_FEED_USE_LAYER_ONLY,Seven feed commodity groups; national totals and flags do not define species rations or dry-matter intake
FAOSTAT_TM,FAOSTAT Detailed Trade Matrix,https://data.fao.org/catalog/dataset/955a7b61-ce56-4a04-adf5-61a3012eec84,feed and animal-product trade origin,METADATA_AND_SCHEMA_ONLY,P1,CC-BY-4.0_PLUS_FAO_DATABASE_TERMS,PASS,HOLD_NO_COMPATIBLE_PILOT,No full empirical download; shared-source reuse remains available once a chemical-feed pathway passes
OECD_GD73,OECD Guidance Document on Residues in Livestock,https://doi.org/10.1787/74878553-en,livestock dietary-burden and feeding-study framework,ACQUIRED,P1,OECD_PUBLICATION_TERMS,PASS,ADMIT_METHOD_ONLY,Method source; not occurrence or chemical-specific transfer data
JMPR_LIVESTOCK,JMPR pesticide evaluations and livestock feeding studies,https://www.fao.org/pest-and-pesticide-management/guidelines-standards/faowho-joint-meeting-on-pesticide-residues-jmpr/en/,chemical-specific transfer functions and residue definitions,METADATA_AUDITED_NOT_TARGETED,P1,FAO_TERMS,NOT_APPLICABLE,HOLD_UNTIL_CHEMICAL_SELECTED,Targeted evaluation requires an admitted feed chemical and matching species-tissue pathway
USDA_FSIS_NRP,USDA FSIS National Residue Program,https://www.fsis.usda.gov/science-data/data-sets-visualizations/chemical-residues-and-contaminants,animal-food pesticide veterinary-drug and contaminant monitoring,OFFICIAL_PAGE_AUDITED_NOT_DOWNLOADED,P1,US_GOVERNMENT_SOURCE,WEB_SCHEMA_ONLY,EXCLUDE_FROM_ORDINARY_OCCURRENCE,Public detailed spreadsheets are described as positive non-violative and positive violative results; complete tested sample-analyte denominator was not established
EFSA_VMPR_2024,EFSA veterinary medicinal product residues 2024,https://zenodo.org/records/19661560,EU veterinary-drug surveillance pilot,ACQUIRED_BELGIUM_2024,P1,CC-BY-4.0,PASS_MD5_CRC_AND_147_COLUMNS,PARTIAL_DESCRIPTIVE_ONLY,Complete SSD2 result structure; risk-based/selective sampling dominates and marker-HBGV-consumption compatibility is not complete
EFSA_PEST_ANIMAL,EFSA pesticide monitoring 2024 animal-origin foods,https://zenodo.org/records/20035795,animal-food pesticide occurrence pilot,ACQUIRED_LUXEMBOURG_2024,P1,OPEN_ZENODO_RECORD_WITH_EFSA_COPYRIGHT,PASS_MD5_CRC_AND_215_COLUMNS,PARTIAL_DESCRIPTIVE_ONLY,56 keyword-screened animal-food samples; FoodEx2 mapping verified but one-country pilot cannot support global or feed-origin attribution
EFSA_DCF_2026,EFSA harmonized DCF catalogues,https://zenodo.org/records/18429596,FoodEx2 and SSD2 term decoding,ACQUIRED,P1,CC-BY-4.0,PASS_MD5_AND_31681_MTX_TERMS,ADMIT_TECHNICAL_CROSSWALK,Current catalogue used; 2022 shared catalogue retained only for hash-verified legacy comparison
FDA_TDS,FDA Total Diet Study,https://www.fda.gov/food/total-diet-study,table-ready animal-food pesticide validation,METADATA_ONLY,P2,US_GOVERNMENT_SOURCE,NOT_AUDITED,HOLD_NOT_NEEDED_BEFORE_UPSTREAM_GATES,No acquisition because feed-transfer pathway failed before independent validation stage
FAO_WHO_GIFT,FAO WHO GIFT individual food consumption,https://www.fao.org/gift-individual-food-consumption/data/en,animal-food consumption by population,METADATA_AND_METHOD_AUDITED,P2,DATASET_SPECIFIC_LICENSE_REQUIRED,WEB_METADATA_ONLY,HOLD_NO_MATCHED_OCCURRENCE,Microdata may contain food amount and sometimes body weight; no country-year-tissue matched exposure dataset admitted
CODEX_VETDRUG,Codex veterinary drug residues database,https://www.fao.org/fao-who-codexalimentarius/codex-texts/dbs/vetdrugs/en/,marker residues MRLs and regulatory reference,WEB_AUDITED_CAC47_2024,P2,FAO_CODEX_TERMS,WEB_DATABASE_ONLY,HOLD_NO_VERSIONED_MACHINE_CROSSWALK,MRLs are regulatory limits and cannot substitute for occurrence concentrations or ADIs
AU_DAFF_NRS_ANIMAL,Australia DAFF National Residue Survey animal-product annual reports,https://www.agriculture.gov.au/agriculture-land/farm-food-drought/food/nrs/nrs-results-publications,"Animal-product residue surveillance; includes pesticide, veterinary-drug and other residue panels",FY2012-13_29_UNIQUE_PDFS_PLUS_SHEEP_DOC_AND_MARLIN_DOC; FY2013-14_31_PDFS_PLUS_1_DOC_SUBSTITUTE; FY2014-15_COMPLETE_32_PDFS; FY2015-16_COMPLETE_30_PDFS; FY2016-17_COMPLETE_42_PDFS; FY2017-18_COMPLETE_44_PDFS; FY2018-19_PARTIAL_42_PDFS_PLUS_1_DOCX; FY2019-20_COMPLETE_42_PDFS; FY2020-21_COMPLETE_37_PDFS; FY2021-22_COMPLETE_31_PDFS; FY2022-23_COMPLETE_44_PDFS; FY2023-24_COMPLETE_37_PDFS; 2_FY2018-19_REPORTS_UNAVAILABLE,P1,PUBLIC_OFFICIAL_REPORTS_LICENSE_NOT_VERIFIED,FY2019-20_PDFINFO_AND_SHA256_PASS_42_PDFS_13260827_BYTES; FY2020-21_PDFINFO_AND_SHA256_PASS; FY2021-22_PDFINFO_AND_SHA256_PASS; FY2018-19_42_PDFINFO_SHA256_PASS_24614457_BYTES; DOCX_ZIP_XML_SHA256_PASS_1; FY2017-18_PDFINFO_AND_SHA256_PASS_44_PDFS_10075381_BYTES; FY2016-17_PDFINFO_AND_SHA256_PASS_42_PDFS_9748499_BYTES; FY2015-16_PDFINFO_AND_SHA256_PASS_30_PDFS_7003175_BYTES; FY2014-15_PDFINFO_AND_SHA256_PASS_32_PDFS_7077320_BYTES; FY2013-14_31_PDFINFO_SHA256_PASS_11374263_BYTES; SHEEP_DOCX_ZIP_XML_SHA256_PASS_1; FY2012-13_37_PDFS_PASS_PDFINFO_SHA256_8509098_BYTES; 2_LEGACY_DOC_MAGIC_TEXTUTIL_SHA256_PASS; 8_IDENTICAL_PDF_DUPLICATES_HASH_CONFIRMED,REPORT_SUMMARY_ONLY_NOT_SAMPLE_LEVEL,"Kept within the animal_food_feed_transfer branch. PDFs contain commodity-level summary tables, not sample-level residue observations. Paired DOCX formats were not duplicated. One identical FY2021-22 eggs PDF remains in the source root from the initial Save As location; both copies are recorded and unchanged. FY2020-21: 37 official PDF reports (12,353,381 bytes) added; all passed PDF signature, pdfinfo, byte-count and SHA-256 checks. FY2019-20: 42 official commodity reports (13,260,827 bytes) added; all passed PDF signature, pdfinfo, byte-count and SHA-256 checks. FY2018-19: 42 of 45 official PDF links were recovered and validated (24,614,457 bytes); the Eastern Rock Lobster PDF returned 404, but its same-year official DOCX alternative was retrieved and verified; Orange Roughy and School Prawns PDF/DOCX attachment links returned 404. FY2012-13 remains to be acquired. The FY2018-19 DOCX is a format substitute, not an additional report. FY2017-18: all 44 official PDF reports (10,075,381 bytes) were saved and passed PDF signature, pdfinfo and SHA-256 checks. FY2016-17: all 42 official PDF reports (9,748,499 bytes) were saved and passed PDF signature, pdfinfo and SHA-256 checks. FY2015-16: all 30 official PDF reports (7,003,175 bytes) were saved and passed PDF signature, pdfinfo and SHA-256 checks. FY2014-15: all 32 official PDF reports (7,077,320 bytes) were saved and passed PDF signature, pdfinfo and SHA-256 checks. FY2013-14: 31 PDFs (11,374,263 bytes) passed PDF signature, pdfinfo and SHA-256 checks. The official Sheep PDF link returned HTML rather than a PDF; its official DOCX alternative passed ZIP/XML/SHA-256 checks. FY2012-13: DAFF page lists 30 PDF reports; 29 unique PDFs were verified (37 files including 8 exact duplicates) and 2 legacy .doc files were verified. Sheep PDF returned HTML; same-year DAFF Sheep DOC is the format substitute. Marlin is DOC-only. All 39 source files are registered and SHA-256 checked; duplicate raw files were preserved. This remains commodity-summary evidence, not sample-level records."
