commodity,analyte,level,lower_ppb,upper_ppb,count
FC,001,R0,0.0,5.0,384
FC,001,R1,0.0,5.0,384
FC,001,R1_coarse,0.0,5.0,384
FC,001,R2,0.0,inf,384
FC,002,R0,0.0,5.0,384
FC,002,R1,0.0,5.0,384
FC,002,R1_coarse,0.0,5.0,384
FC,002,R2,0.0,inf,384
FC,011,R0,0.0,5.0,384
FC,011,R1,0.0,5.0,384
FC,011,R1_coarse,0.0,5.0,384
FC,011,R2,0.0,inf,384
FC,024,R0,0.0,1.0,384
FC,024,R1,0.0,1.0,384
FC,024,R1_coarse,0.0,1.0,384
FC,024,R2,0.0,inf,384
FC,028,R0,0.0,5.0,384
FC,028,R1,0.0,5.0,384
FC,028,R1_coarse,0.0,5.0,384
FC,028,R2,0.0,inf,384
FC,032,R0,0.0,16.0,360
FC,032,R0,16.6,16.6,1
FC,032,R0,18.2,18.2,1
FC,032,R0,20.1,20.1,1
FC,032,R0,21.4,21.4,1
FC,032,R0,21.9,21.9,1
FC,032,R0,22.0,22.0,1
FC,032,R0,24.8,24.8,1
FC,032,R0,25.3,25.3,1
FC,032,R0,25.5,25.5,1
FC,032,R0,25.6,25.6,1
FC,032,R0,26.8,26.8,1
FC,032,R0,29.4,29.4,1
FC,032,R0,33.300000000000004,33.300000000000004,1
FC,032,R0,35.1,35.1,1
FC,032,R0,36.6,36.6,1
FC,032,R0,36.7,36.7,1
FC,032,R0,36.900000000000006,36.900000000000006,1
FC,032,R0,40.5,40.5,1
FC,032,R0,47.6,47.6,1
FC,032,R0,54.199999999999996,54.199999999999996,1
FC,032,R0,88.2,88.2,1
FC,032,R0,91.7,91.7,1
FC,032,R0,170.0,170.0,1
FC,032,R0,209.0,209.0,1
FC,032,R1,0.0,16.0,360
FC,032,R1,10.0,100.0,22
FC,032,R1,100.0,1000.0,2
FC,032,R1_coarse,0.0,16.0,360
FC,032,R1_coarse,10.0,1000.0,24
FC,032,R2,0.0,inf,384
FC,034,R0,0.0,5.0,384
FC,034,R1,0.0,5.0,384
FC,034,R1_coarse,0.0,5.0,384
FC,034,R2,0.0,inf,384
FC,035,R0,0.0,1.0,384
FC,035,R1,0.0,1.0,384
FC,035,R1_coarse,0.0,1.0,384
FC,035,R2,0.0,inf,384
FC,042,R0,0.0,2.0,383
FC,042,R0,2.6,2.6,1
FC,042,R1,0.0,2.0,383
FC,042,R1,1.0,10.0,1
FC,042,R1_coarse,0.0,2.0,383
FC,042,R1_coarse,0.0,10.0,1
FC,042,R2,0.0,inf,384
FC,044,R0,0.0,5.0,384
FC,044,R1,0.0,5.0,384
FC,044,R1_coarse,0.0,5.0,384
FC,044,R2,0.0,inf,384
FC,050,R0,0.0,2.0,380
FC,050,R0,2.5,2.5,1
FC,050,R0,3.2,3.2,1
FC,050,R0,3.4,3.4,1
FC,050,R0,3.7,3.7,1
FC,050,R1,0.0,2.0,380
FC,050,R1,1.0,10.0,4
FC,050,R1_coarse,0.0,2.0,380
FC,050,R1_coarse,0.0,10.0,4
FC,050,R2,0.0,inf,384
FC,057,R0,0.0,1.0,384
FC,057,R1,0.0,1.0,384
FC,057,R1_coarse,0.0,1.0,384
FC,057,R2,0.0,inf,384
FC,058,R0,0.0,15.0,384
FC,058,R1,0.0,15.0,384
FC,058,R1_coarse,0.0,15.0,384
FC,058,R2,0.0,inf,384
FC,069,R0,0.0,10.0,384
FC,069,R1,0.0,10.0,384
FC,069,R1_coarse,0.0,10.0,384
FC,069,R2,0.0,inf,384
FC,070,R0,0.0,8.0,383
FC,070,R1,0.0,8.0,383
FC,070,R1_coarse,0.0,8.0,383
FC,070,R2,0.0,inf,383
FC,075,R0,0.0,10.0,384
FC,075,R1,0.0,10.0,384
FC,075,R1_coarse,0.0,10.0,384
FC,075,R2,0.0,inf,384
FC,102,R0,0.0,5.0,384
FC,102,R1,0.0,5.0,384
FC,102,R1_coarse,0.0,5.0,384
FC,102,R2,0.0,inf,384
FC,108,R0,0.0,1.0,384
FC,108,R1,0.0,1.0,384
FC,108,R1_coarse,0.0,1.0,384
FC,108,R2,0.0,inf,384
FC,114,R0,0.0,20.0,384
FC,114,R1,0.0,20.0,384
FC,114,R1_coarse,0.0,20.0,384
FC,114,R2,0.0,inf,384
FC,117,R0,0.0,5.0,384
FC,117,R1,0.0,5.0,384
FC,117,R1_coarse,0.0,5.0,384
FC,117,R2,0.0,inf,384
FC,124,R0,0.0,1.0,384
FC,124,R1,0.0,1.0,384
FC,124,R1_coarse,0.0,1.0,384
FC,124,R2,0.0,inf,384
FC,125,R0,0.0,2.0,364
FC,125,R0,2.1,2.1,3
FC,125,R0,2.2,2.2,2
FC,125,R0,2.3,2.3,2
FC,125,R0,2.5,2.5,1
FC,125,R0,2.7,2.7,1
FC,125,R0,2.8,2.8,2
FC,125,R0,3.1,3.1,2
FC,125,R0,3.3,3.3,1
FC,125,R0,3.4,3.4,2
FC,125,R0,3.5,3.5,1
FC,125,R0,3.6,3.6,1
FC,125,R0,3.9,3.9,1
FC,125,R0,4.1000000000000005,4.1000000000000005,1
FC,125,R1,0.0,2.0,364
FC,125,R1,1.0,10.0,20
FC,125,R1_coarse,0.0,2.0,364
FC,125,R1_coarse,0.0,10.0,20
FC,125,R2,0.0,inf,384
FC,129,R0,0.0,5.0,384
FC,129,R1,0.0,5.0,384
FC,129,R1_coarse,0.0,5.0,384
FC,129,R2,0.0,inf,384
FC,134,R0,0.0,1.0,384
FC,134,R1,0.0,1.0,384
FC,134,R1_coarse,0.0,1.0,384
FC,134,R2,0.0,inf,384
FC,143,R0,0.0,5.0,384
FC,143,R1,0.0,5.0,384
FC,143,R1_coarse,0.0,5.0,384
FC,143,R2,0.0,inf,384
FC,144,R0,0.0,1.0,384
FC,144,R1,0.0,1.0,384
FC,144,R1_coarse,0.0,1.0,384
FC,144,R2,0.0,inf,384
FC,148,R0,0.0,12.0,384
FC,148,R1,0.0,12.0,384
FC,148,R1_coarse,0.0,12.0,384
FC,148,R2,0.0,inf,384
FC,149,R0,0.0,3.0,384
FC,149,R1,0.0,3.0,384
FC,149,R1_coarse,0.0,3.0,384
FC,149,R2,0.0,inf,384
FC,151,R0,0.0,1.0,381
FC,151,R0,2.3,2.3,2
FC,151,R0,3.4,3.4,1
FC,151,R1,0.0,1.0,381
FC,151,R1,1.0,10.0,3
FC,151,R1_coarse,0.0,1.0,381
FC,151,R1_coarse,0.0,10.0,3
FC,151,R2,0.0,inf,384
FC,158,R0,0.0,1.0,384
FC,158,R1,0.0,1.0,384
FC,158,R1_coarse,0.0,1.0,384
FC,158,R2,0.0,inf,384
FC,160,R0,0.0,1.0,347
FC,160,R0,1.1,1.1,1
FC,160,R0,1.2,1.2,1
FC,160,R0,1.3,1.3,2
FC,160,R0,1.4,1.4,1
FC,160,R0,1.7,1.7,2
FC,160,R0,1.8,1.8,1
FC,160,R0,1.9,1.9,2
FC,160,R0,2.0,2.0,2
FC,160,R0,2.2,2.2,1
FC,160,R0,2.4,2.4,1
FC,160,R0,2.7,2.7,1
FC,160,R0,2.9,2.9,1
FC,160,R0,3.0,3.0,1
FC,160,R0,3.1,3.1,1
FC,160,R0,3.2,3.2,3
FC,160,R0,3.3,3.3,1
FC,160,R0,3.4,3.4,1
FC,160,R0,3.5,3.5,2
FC,160,R0,3.6,3.6,2
FC,160,R0,4.0,4.0,2
FC,160,R0,4.8,4.8,1
FC,160,R0,6.8999999999999995,6.8999999999999995,1
FC,160,R0,7.2,7.2,1
FC,160,R0,8.5,8.5,1
FC,160,R0,10.4,10.4,1
FC,160,R0,16.7,16.7,1
FC,160,R0,27.400000000000002,27.400000000000002,1
FC,160,R0,40.0,40.0,1
FC,160,R1,0.0,1.0,347
FC,160,R1,1.0,10.0,33
FC,160,R1,10.0,100.0,4
FC,160,R1_coarse,0.0,1.0,347
FC,160,R1_coarse,0.0,10.0,33
FC,160,R1_coarse,10.0,1000.0,4
FC,160,R2,0.0,inf,384
FC,162,R0,0.0,25.0,384
FC,162,R1,0.0,25.0,384
FC,162,R1_coarse,0.0,25.0,384
FC,162,R2,0.0,inf,384
FC,165,R0,0.0,3.0,384
FC,165,R1,0.0,3.0,384
FC,165,R1_coarse,0.0,3.0,384
FC,165,R2,0.0,inf,384
FC,166,R0,0.0,12.0,384
FC,166,R1,0.0,12.0,384
FC,166,R1_coarse,0.0,12.0,384
FC,166,R2,0.0,inf,384
FC,167,R0,0.0,25.0,384
FC,167,R1,0.0,25.0,384
FC,167,R1_coarse,0.0,25.0,384
FC,167,R2,0.0,inf,384
FC,168,R0,0.0,10.0,384
FC,168,R1,0.0,10.0,384
FC,168,R1_coarse,0.0,10.0,384
FC,168,R2,0.0,inf,384
FC,171,R0,0.0,4.0,384
FC,171,R1,0.0,4.0,384
FC,171,R1_coarse,0.0,4.0,384
FC,171,R2,0.0,inf,384
FC,172,R0,0.0,1.0,384
FC,172,R1,0.0,1.0,384
FC,172,R1_coarse,0.0,1.0,384
FC,172,R2,0.0,inf,384
FC,173,R0,0.0,1.0,383
FC,173,R0,1.3,1.3,1
FC,173,R1,0.0,1.0,383
FC,173,R1,1.0,10.0,1
FC,173,R1_coarse,0.0,1.0,383
FC,173,R1_coarse,0.0,10.0,1
FC,173,R2,0.0,inf,384
FC,176,R0,0.0,2.0,384
FC,176,R1,0.0,2.0,384
FC,176,R1_coarse,0.0,2.0,384
FC,176,R2,0.0,inf,384
FC,177,R0,0.0,9.0,384
FC,177,R1,0.0,9.0,384
FC,177,R1_coarse,0.0,9.0,384
FC,177,R2,0.0,inf,384
FC,180,R0,0.0,2.0,384
FC,180,R1,0.0,2.0,384
FC,180,R1_coarse,0.0,2.0,384
FC,180,R2,0.0,inf,384
FC,181,R0,0.0,1.0,384
FC,181,R1,0.0,1.0,384
FC,181,R1_coarse,0.0,1.0,384
FC,181,R2,0.0,inf,384
FC,191,R0,0.0,1.0,384
FC,191,R1,0.0,1.0,384
FC,191,R1_coarse,0.0,1.0,384
FC,191,R2,0.0,inf,384
FC,202,R0,0.0,1.0,384
FC,202,R1,0.0,1.0,384
FC,202,R1_coarse,0.0,1.0,384
FC,202,R2,0.0,inf,384
FC,205,R0,0.0,5.0,384
FC,205,R1,0.0,5.0,384
FC,205,R1_coarse,0.0,5.0,384
FC,205,R2,0.0,inf,384
FC,206,R0,0.0,1.0,383
FC,206,R0,1.9,1.9,1
FC,206,R1,0.0,1.0,383
FC,206,R1,1.0,10.0,1
FC,206,R1_coarse,0.0,1.0,383
FC,206,R1_coarse,0.0,10.0,1
FC,206,R2,0.0,inf,384
FC,207,R0,0.0,1.0,383
FC,207,R0,1.1,1.1,1
FC,207,R1,0.0,1.0,383
FC,207,R1,1.0,10.0,1
FC,207,R1_coarse,0.0,1.0,383
FC,207,R1_coarse,0.0,10.0,1
FC,207,R2,0.0,inf,384
FC,227,R0,0.0,10.0,384
FC,227,R1,0.0,10.0,384
FC,227,R1_coarse,0.0,10.0,384
FC,227,R2,0.0,inf,384
FC,229,R0,0.0,20.0,384
FC,229,R1,0.0,20.0,384
FC,229,R1_coarse,0.0,20.0,384
FC,229,R2,0.0,inf,384
FC,230,R0,0.0,2.0,376
FC,230,R0,2.1,2.1,2
FC,230,R0,2.3,2.3,2
FC,230,R0,6.8999999999999995,6.8999999999999995,1
FC,230,R0,48.2,48.2,1
FC,230,R0,62.0,62.0,1
FC,230,R0,74.39999999999999,74.39999999999999,1
FC,230,R1,0.0,2.0,376
FC,230,R1,1.0,10.0,5
FC,230,R1,10.0,100.0,3
FC,230,R1_coarse,0.0,2.0,376
FC,230,R1_coarse,0.0,10.0,5
FC,230,R1_coarse,10.0,1000.0,3
FC,230,R2,0.0,inf,384
FC,235,R0,0.0,1.0,379
FC,235,R0,1.1,1.1,1
FC,235,R0,1.2,1.2,1
FC,235,R0,1.3,1.3,2
FC,235,R0,2.9,2.9,1
FC,235,R1,0.0,1.0,379
FC,235,R1,1.0,10.0,5
FC,235,R1_coarse,0.0,1.0,379
FC,235,R1_coarse,0.0,10.0,5
FC,235,R2,0.0,inf,384
FC,254,R0,0.0,1.0,384
FC,254,R1,0.0,1.0,384
FC,254,R1_coarse,0.0,1.0,384
FC,254,R2,0.0,inf,384
FC,271,R0,0.0,1.0,384
FC,271,R1,0.0,1.0,384
FC,271,R1_coarse,0.0,1.0,384
FC,271,R2,0.0,inf,384
FC,275,R0,0.0,6.0,384
FC,275,R1,0.0,6.0,384
FC,275,R1_coarse,0.0,6.0,384
FC,275,R2,0.0,inf,384
FC,280,R0,0.0,6.0,384
FC,280,R1,0.0,6.0,384
FC,280,R1_coarse,0.0,6.0,384
FC,280,R2,0.0,inf,384
FC,283,R0,0.0,4.0,384
FC,283,R1,0.0,4.0,384
FC,283,R1_coarse,0.0,4.0,384
FC,283,R2,0.0,inf,384
FC,292,R0,0.0,2.0,304
FC,292,R1,0.0,2.0,304
FC,292,R1_coarse,0.0,2.0,304
FC,292,R2,0.0,inf,304
FC,297,R0,0.0,1.0,384
FC,297,R1,0.0,1.0,384
FC,297,R1_coarse,0.0,1.0,384
FC,297,R2,0.0,inf,384
FC,299,R0,0.0,2.0,384
FC,299,R1,0.0,2.0,384
FC,299,R1_coarse,0.0,2.0,384
FC,299,R2,0.0,inf,384
FC,304,R0,0.0,1.0,384
FC,304,R1,0.0,1.0,384
FC,304,R1_coarse,0.0,1.0,384
FC,304,R2,0.0,inf,384
FC,305,R0,0.0,2.0,381
FC,305,R0,3.3,3.3,1
FC,305,R0,5.3,5.3,1
FC,305,R0,5.8,5.8,1
FC,305,R1,0.0,2.0,381
FC,305,R1,1.0,10.0,3
FC,305,R1_coarse,0.0,2.0,381
FC,305,R1_coarse,0.0,10.0,3
FC,305,R2,0.0,inf,384
FC,310,R0,0.0,5.0,384
FC,310,R1,0.0,5.0,384
FC,310,R1_coarse,0.0,5.0,384
FC,310,R2,0.0,inf,384
FC,321,R0,0.0,1.0,383
FC,321,R0,1.5,1.5,1
FC,321,R1,0.0,1.0,383
FC,321,R1,1.0,10.0,1
FC,321,R1_coarse,0.0,1.0,383
FC,321,R1_coarse,0.0,10.0,1
FC,321,R2,0.0,inf,384
FC,330,R0,0.0,1.0,384
FC,330,R1,0.0,1.0,384
FC,330,R1_coarse,0.0,1.0,384
FC,330,R2,0.0,inf,384
FC,333,R0,0.0,1.0,384
FC,333,R1,0.0,1.0,384
FC,333,R1_coarse,0.0,1.0,384
FC,333,R2,0.0,inf,384
FC,338,R0,0.0,9.0,384
FC,338,R1,0.0,9.0,384
FC,338,R1_coarse,0.0,9.0,384
FC,338,R2,0.0,inf,384
FC,351,R0,0.0,1.0,374
FC,351,R0,1.0,1.0,1
FC,351,R0,1.1,1.1,2
FC,351,R0,1.3,1.3,4
FC,351,R0,1.4,1.4,2
FC,351,R0,2.6,2.6,1
FC,351,R1,0.0,1.0,374
FC,351,R1,1.0,10.0,10
FC,351,R1_coarse,0.0,1.0,374
FC,351,R1_coarse,0.0,10.0,10
FC,351,R2,0.0,inf,384
FC,352,R0,0.0,2.0,384
FC,352,R1,0.0,2.0,384
FC,352,R1_coarse,0.0,2.0,384
FC,352,R2,0.0,inf,384
FC,382,R0,0.0,6.0,384
FC,382,R1,0.0,6.0,384
FC,382,R1_coarse,0.0,6.0,384
FC,382,R2,0.0,inf,384
FC,391,R0,0.0,1.0,384
FC,391,R1,0.0,1.0,384
FC,391,R1_coarse,0.0,1.0,384
FC,391,R2,0.0,inf,384
FC,512,R0,0.0,4.0,384
FC,512,R1,0.0,4.0,384
FC,512,R1_coarse,0.0,4.0,384
FC,512,R2,0.0,inf,384
FC,529,R0,0.0,1.0,384
FC,529,R1,0.0,1.0,384
FC,529,R1_coarse,0.0,1.0,384
FC,529,R2,0.0,inf,384
FC,537,R0,0.0,6.0,384
FC,537,R1,0.0,6.0,384
FC,537,R1_coarse,0.0,6.0,384
FC,537,R2,0.0,inf,384
FC,540,R0,0.0,1.0,384
FC,540,R1,0.0,1.0,384
FC,540,R1_coarse,0.0,1.0,384
FC,540,R2,0.0,inf,384
FC,556,R0,0.0,8.0,224
FC,556,R1,0.0,8.0,224
FC,556,R1_coarse,0.0,8.0,224
FC,556,R2,0.0,inf,224
FC,596,R0,0.0,2.0,384
FC,596,R1,0.0,2.0,384
FC,596,R1_coarse,0.0,2.0,384
FC,596,R2,0.0,inf,384
FC,597,R0,0.0,1.0,378
FC,597,R0,1.3,1.3,1
FC,597,R0,1.8,1.8,1
FC,597,R0,2.3,2.3,1
FC,597,R0,2.8,2.8,1
FC,597,R0,7.1000000000000005,7.1000000000000005,1
FC,597,R0,11.1,11.1,1
FC,597,R1,0.0,1.0,378
FC,597,R1,1.0,10.0,5
FC,597,R1,10.0,100.0,1
FC,597,R1_coarse,0.0,1.0,378
FC,597,R1_coarse,0.0,10.0,5
FC,597,R1_coarse,10.0,1000.0,1
FC,597,R2,0.0,inf,384
FC,607,R0,0.0,2.0,384
FC,607,R1,0.0,2.0,384
FC,607,R1_coarse,0.0,2.0,384
FC,607,R2,0.0,inf,384
FC,609,R0,0.0,8.0,384
FC,609,R1,0.0,8.0,384
FC,609,R1_coarse,0.0,8.0,384
FC,609,R2,0.0,inf,384
FC,612,R0,0.0,10.0,383
FC,612,R0,11.799999999999999,11.799999999999999,1
FC,612,R1,0.0,10.0,383
FC,612,R1,10.0,100.0,1
FC,612,R1_coarse,0.0,10.0,383
FC,612,R1_coarse,10.0,1000.0,1
FC,612,R2,0.0,inf,384
FC,621,R0,0.0,6.0,384
FC,621,R1,0.0,6.0,384
FC,621,R1_coarse,0.0,6.0,384
FC,621,R2,0.0,inf,384
FC,623,R0,0.0,10.0,363
FC,623,R1,0.0,10.0,363
FC,623,R1_coarse,0.0,10.0,363
FC,623,R2,0.0,inf,363
FC,624,R0,0.0,24.0,384
FC,624,R1,0.0,24.0,384
FC,624,R1_coarse,0.0,24.0,384
FC,624,R2,0.0,inf,384
FC,625,R0,0.0,2.0,381
FC,625,R0,2.7,2.7,1
FC,625,R0,3.0,3.0,1
FC,625,R0,3.4,3.4,1
FC,625,R1,0.0,2.0,381
FC,625,R1,1.0,10.0,3
FC,625,R1_coarse,0.0,2.0,381
FC,625,R1_coarse,0.0,10.0,3
FC,625,R2,0.0,inf,384
FC,626,R0,0.0,5.0,384
FC,626,R1,0.0,5.0,384
FC,626,R1_coarse,0.0,5.0,384
FC,626,R2,0.0,inf,384
FC,636,R0,0.0,10.0,383
FC,636,R0,11.299999999999999,11.299999999999999,1
FC,636,R1,0.0,10.0,383
FC,636,R1,10.0,100.0,1
FC,636,R1_coarse,0.0,10.0,383
FC,636,R1_coarse,10.0,1000.0,1
FC,636,R2,0.0,inf,384
FC,651,R0,0.0,13.0,384
FC,651,R1,0.0,13.0,384
FC,651,R1_coarse,0.0,13.0,384
FC,651,R2,0.0,inf,384
FC,668,R0,0.0,8.0,384
FC,668,R1,0.0,8.0,384
FC,668,R1_coarse,0.0,8.0,384
FC,668,R2,0.0,inf,384
FC,675,R0,0.0,12.0,384
FC,675,R1,0.0,12.0,384
FC,675,R1_coarse,0.0,12.0,384
FC,675,R2,0.0,inf,384
FC,679,R0,0.0,10.0,384
FC,679,R1,0.0,10.0,384
FC,679,R1_coarse,0.0,10.0,384
FC,679,R2,0.0,inf,384
FC,699,R0,0.0,6.0,384
FC,699,R1,0.0,6.0,384
FC,699,R1_coarse,0.0,6.0,384
FC,699,R2,0.0,inf,384
FC,719,R0,0.0,3.0,384
FC,719,R1,0.0,3.0,384
FC,719,R1_coarse,0.0,3.0,384
FC,719,R2,0.0,inf,384
FC,721,R0,0.0,1.0,384
FC,721,R1,0.0,1.0,384
FC,721,R1_coarse,0.0,1.0,384
FC,721,R2,0.0,inf,384
FC,722,R0,0.0,6.0,384
FC,722,R1,0.0,6.0,384
FC,722,R1_coarse,0.0,6.0,384
FC,722,R2,0.0,inf,384
FC,726,R0,0.0,20.0,364
FC,726,R1,0.0,20.0,364
FC,726,R1_coarse,0.0,20.0,364
FC,726,R2,0.0,inf,364
FC,728,R0,0.0,12.0,344
FC,728,R1,0.0,12.0,344
FC,728,R1_coarse,0.0,12.0,344
FC,728,R2,0.0,inf,344
FC,736,R0,0.0,10.0,384
FC,736,R1,0.0,10.0,384
FC,736,R1_coarse,0.0,10.0,384
FC,736,R2,0.0,inf,384
FC,749,R0,0.0,4.0,384
FC,749,R1,0.0,4.0,384
FC,749,R1_coarse,0.0,4.0,384
FC,749,R2,0.0,inf,384
FC,775,R0,0.0,1.0,384
FC,775,R1,0.0,1.0,384
FC,775,R1_coarse,0.0,1.0,384
FC,775,R2,0.0,inf,384
FC,777,R0,0.0,4.0,384
FC,777,R1,0.0,4.0,384
FC,777,R1_coarse,0.0,4.0,384
FC,777,R2,0.0,inf,384
FC,780,R0,0.0,2.0,384
FC,780,R1,0.0,2.0,384
FC,780,R1_coarse,0.0,2.0,384
FC,780,R2,0.0,inf,384
FC,781,R0,0.0,1.0,384
FC,781,R1,0.0,1.0,384
FC,781,R1_coarse,0.0,1.0,384
FC,781,R2,0.0,inf,384
FC,783,R0,0.0,4.0,384
FC,783,R1,0.0,4.0,384
FC,783,R1_coarse,0.0,4.0,384
FC,783,R2,0.0,inf,384
FC,791,R0,0.0,13.0,384
FC,791,R1,0.0,13.0,384
FC,791,R1_coarse,0.0,13.0,384
FC,791,R2,0.0,inf,384
FC,796,R0,0.0,12.0,384
FC,796,R1,0.0,12.0,384
FC,796,R1_coarse,0.0,12.0,384
FC,796,R2,0.0,inf,384
FC,807,R0,0.0,6.0,383
FC,807,R0,8.6,8.6,1
FC,807,R1,0.0,6.0,383
FC,807,R1,1.0,10.0,1
FC,807,R1_coarse,0.0,6.0,383
FC,807,R1_coarse,0.0,10.0,1
FC,807,R2,0.0,inf,384
FC,808,R0,0.0,20.0,363
FC,808,R1,0.0,20.0,363
FC,808,R1_coarse,0.0,20.0,363
FC,808,R2,0.0,inf,363
FC,811,R0,0.0,10.0,363
FC,811,R1,0.0,10.0,363
FC,811,R1_coarse,0.0,10.0,363
FC,811,R2,0.0,inf,363
FC,814,R0,0.0,3.0,384
FC,814,R1,0.0,3.0,384
FC,814,R1_coarse,0.0,3.0,384
FC,814,R2,0.0,inf,384
FC,834,R0,0.0,1.0,384
FC,834,R1,0.0,1.0,384
FC,834,R1_coarse,0.0,1.0,384
FC,834,R2,0.0,inf,384
FC,848,R0,0.0,12.0,324
FC,848,R1,0.0,12.0,324
FC,848,R1_coarse,0.0,12.0,324
FC,848,R2,0.0,inf,324
FC,900,R0,0.0,1.0,383
FC,900,R0,1.2,1.2,1
FC,900,R1,0.0,1.0,383
FC,900,R1,1.0,10.0,1
FC,900,R1_coarse,0.0,1.0,383
FC,900,R1_coarse,0.0,10.0,1
FC,900,R2,0.0,inf,384
FC,901,R0,0.0,1.0,384
FC,901,R1,0.0,1.0,384
FC,901,R1_coarse,0.0,1.0,384
FC,901,R2,0.0,inf,384
FC,902,R0,0.0,1.0,354
FC,902,R0,1.0,1.0,3
FC,902,R0,1.1,1.1,4
FC,902,R0,1.3,1.3,1
FC,902,R0,1.4,1.4,2
FC,902,R0,1.7,1.7,1
FC,902,R0,1.8,1.8,3
FC,902,R0,1.9,1.9,1
FC,902,R0,2.1,2.1,1
FC,902,R0,2.3,2.3,1
FC,902,R0,3.2,3.2,1
FC,902,R0,3.3,3.3,1
FC,902,R0,3.4,3.4,1
FC,902,R0,4.8,4.8,1
FC,902,R0,5.1000000000000005,5.1000000000000005,1
FC,902,R0,7.0,7.0,1
FC,902,R0,8.7,8.7,1
FC,902,R0,9.1,9.1,1
FC,902,R0,10.5,10.5,1
FC,902,R0,11.299999999999999,11.299999999999999,1
FC,902,R0,20.400000000000002,20.400000000000002,1
FC,902,R0,20.8,20.8,1
FC,902,R0,28.400000000000002,28.400000000000002,1
FC,902,R1,0.0,1.0,354
FC,902,R1,1.0,10.0,25
FC,902,R1,10.0,100.0,5
FC,902,R1_coarse,0.0,1.0,354
FC,902,R1_coarse,0.0,10.0,25
FC,902,R1_coarse,10.0,1000.0,5
FC,902,R2,0.0,inf,384
FC,903,R0,0.0,1.0,375
FC,903,R0,1.0,1.0,1
FC,903,R0,1.3,1.3,1
FC,903,R0,1.4,1.4,1
FC,903,R0,1.7,1.7,1
FC,903,R0,2.2,2.2,1
FC,903,R0,5.2,5.2,1
FC,903,R0,7.7,7.7,1
FC,903,R0,7.8,7.8,1
FC,903,R0,8.1,8.1,1
FC,903,R1,0.0,1.0,375
FC,903,R1,1.0,10.0,9
FC,903,R1_coarse,0.0,1.0,375
FC,903,R1_coarse,0.0,10.0,9
FC,903,R2,0.0,inf,384
FC,904,R0,0.0,5.0,383
FC,904,R0,7.2,7.2,1
FC,904,R1,0.0,5.0,383
FC,904,R1,1.0,10.0,1
FC,904,R1_coarse,0.0,5.0,383
FC,904,R1_coarse,0.0,10.0,1
FC,904,R2,0.0,inf,384
FC,905,R0,0.0,1.0,380
FC,905,R0,3.0,3.0,1
FC,905,R0,3.8,3.8,1
FC,905,R0,5.6,5.6,1
FC,905,R0,6.6,6.6,1
FC,905,R1,0.0,1.0,380
FC,905,R1,1.0,10.0,4
FC,905,R1_coarse,0.0,1.0,380
FC,905,R1_coarse,0.0,10.0,4
FC,905,R2,0.0,inf,384
FC,906,R0,0.0,4.0,324
FC,906,R1,0.0,4.0,324
FC,906,R1_coarse,0.0,4.0,324
FC,906,R2,0.0,inf,324
FC,908,R0,0.0,2.0,280
FC,908,R0,2.2,2.2,3
FC,908,R0,2.3,2.3,1
FC,908,R0,2.4,2.4,1
FC,908,R0,2.5,2.5,1
FC,908,R0,2.9,2.9,2
FC,908,R0,3.0,3.0,3
FC,908,R0,3.1,3.1,1
FC,908,R0,3.2,3.2,1
FC,908,R0,3.5,3.5,1
FC,908,R0,3.6,3.6,1
FC,908,R0,4.1000000000000005,4.1000000000000005,1
FC,908,R0,4.2,4.2,3
FC,908,R0,4.3,4.3,2
FC,908,R0,4.4,4.4,1
FC,908,R0,4.5,4.5,1
FC,908,R0,4.7,4.7,2
FC,908,R0,4.8,4.8,1
FC,908,R0,4.8999999999999995,4.8999999999999995,2
FC,908,R0,5.0,5.0,2
FC,908,R0,5.1000000000000005,5.1000000000000005,2
FC,908,R0,5.6,5.6,1
FC,908,R0,6.0,6.0,2
FC,908,R0,6.1000000000000005,6.1000000000000005,1
FC,908,R0,6.3,6.3,1
FC,908,R0,6.4,6.4,1
FC,908,R0,6.8999999999999995,6.8999999999999995,1
FC,908,R0,7.0,7.0,1
FC,908,R0,7.2,7.2,1
FC,908,R0,7.3,7.3,2
FC,908,R0,7.6,7.6,1
FC,908,R0,7.7,7.7,1
FC,908,R0,8.1,8.1,1
FC,908,R0,8.200000000000001,8.200000000000001,1
FC,908,R0,8.4,8.4,2
FC,908,R0,8.5,8.5,2
FC,908,R0,8.6,8.6,2
FC,908,R0,8.8,8.8,1
FC,908,R0,8.9,8.9,2
FC,908,R0,9.0,9.0,1
FC,908,R0,9.1,9.1,1
FC,908,R0,9.9,9.9,2
FC,908,R0,10.5,10.5,1
FC,908,R0,10.7,10.7,1
FC,908,R0,11.1,11.1,1
FC,908,R0,11.299999999999999,11.299999999999999,1
FC,908,R0,11.6,11.6,1
FC,908,R0,11.700000000000001,11.700000000000001,1
FC,908,R0,12.1,12.1,1
FC,908,R0,12.3,12.3,1
FC,908,R0,13.299999999999999,13.299999999999999,1
FC,908,R0,14.0,14.0,1
FC,908,R0,15.299999999999999,15.299999999999999,2
FC,908,R0,15.4,15.4,1
FC,908,R0,16.299999999999997,16.299999999999997,2
FC,908,R0,18.1,18.1,1
FC,908,R0,19.3,19.3,1
FC,908,R0,19.5,19.5,1
FC,908,R0,20.5,20.5,2
FC,908,R0,21.2,21.2,1
FC,908,R0,21.3,21.3,1
FC,908,R0,22.1,22.1,1
FC,908,R0,22.2,22.2,1
FC,908,R0,23.0,23.0,1
FC,908,R0,23.900000000000002,23.900000000000002,1
FC,908,R0,26.3,26.3,1
FC,908,R0,27.5,27.5,1
FC,908,R0,31.3,31.3,1
FC,908,R0,41.8,41.8,1
FC,908,R0,43.6,43.6,1
FC,908,R0,46.5,46.5,1
FC,908,R0,58.2,58.2,1
FC,908,R0,59.9,59.9,1
FC,908,R0,60.8,60.8,1
FC,908,R0,70.3,70.3,1
FC,908,R0,72.5,72.5,1
FC,908,R0,84.6,84.6,1
FC,908,R0,86.2,86.2,1
FC,908,R0,99.3,99.3,1
FC,908,R0,113.0,113.0,1
FC,908,R0,133.0,133.0,1
FC,908,R0,146.0,146.0,1
FC,908,R0,148.0,148.0,1
FC,908,R1,0.0,2.0,280
FC,908,R1,1.0,10.0,60
FC,908,R1,10.0,100.0,40
FC,908,R1,100.0,1000.0,4
FC,908,R1_coarse,0.0,2.0,280
FC,908,R1_coarse,0.0,10.0,60
FC,908,R1_coarse,10.0,1000.0,44
FC,908,R2,0.0,inf,384
FC,909,R0,0.0,2.0,243
FC,909,R0,60.8,60.8,1
FC,909,R1,0.0,2.0,243
FC,909,R1,10.0,100.0,1
FC,909,R1_coarse,0.0,2.0,243
FC,909,R1_coarse,10.0,1000.0,1
FC,909,R2,0.0,inf,244
FC,910,R0,0.0,2.0,131
FC,910,R0,2.0,2.0,1
FC,910,R0,2.2,2.2,1
FC,910,R0,2.3,2.3,2
FC,910,R0,2.4,2.4,2
FC,910,R0,2.5,2.5,4
FC,910,R0,2.6,2.6,1
FC,910,R0,2.7,2.7,4
FC,910,R0,2.8,2.8,4
FC,910,R0,2.9,2.9,1
FC,910,R0,3.0,3.0,2
FC,910,R0,3.1,3.1,1
FC,910,R0,3.2,3.2,3
FC,910,R0,3.3,3.3,2
FC,910,R0,3.4,3.4,3
FC,910,R0,3.5,3.5,4
FC,910,R0,3.6,3.6,2
FC,910,R0,3.7,3.7,1
FC,910,R0,3.8,3.8,1
FC,910,R0,4.0,4.0,4
FC,910,R0,4.1000000000000005,4.1000000000000005,2
FC,910,R0,4.2,4.2,4
FC,910,R0,4.3,4.3,4
FC,910,R0,4.4,4.4,2
FC,910,R0,4.5,4.5,1
FC,910,R0,4.6,4.6,2
FC,910,R0,4.7,4.7,3
FC,910,R0,4.8,4.8,1
FC,910,R0,4.8999999999999995,4.8999999999999995,3
FC,910,R0,5.0,5.0,2
FC,910,R0,5.1000000000000005,5.1000000000000005,1
FC,910,R0,5.2,5.2,2
FC,910,R0,5.4,5.4,1
FC,910,R0,5.5,5.5,2
FC,910,R0,5.6,5.6,1
FC,910,R0,5.7,5.7,3
FC,910,R0,5.8,5.8,2
FC,910,R0,5.8999999999999995,5.8999999999999995,3
FC,910,R0,6.1000000000000005,6.1000000000000005,3
FC,910,R0,6.2,6.2,1
FC,910,R0,6.4,6.4,4
FC,910,R0,6.5,6.5,1
FC,910,R0,6.6,6.6,1
FC,910,R0,6.8,6.8,1
FC,910,R0,6.8999999999999995,6.8999999999999995,1
FC,910,R0,7.0,7.0,1
FC,910,R0,7.1000000000000005,7.1000000000000005,2
FC,910,R0,7.2,7.2,1
FC,910,R0,7.3,7.3,3
FC,910,R0,7.4,7.4,2
FC,910,R0,7.5,7.5,2
FC,910,R0,7.6,7.6,2
FC,910,R0,7.7,7.7,1
FC,910,R0,7.8,7.8,2
FC,910,R0,7.9,7.9,1
FC,910,R0,8.0,8.0,1
FC,910,R0,8.1,8.1,2
FC,910,R0,8.200000000000001,8.200000000000001,1
FC,910,R0,8.3,8.3,2
FC,910,R0,8.5,8.5,1
FC,910,R0,8.6,8.6,2
FC,910,R0,8.7,8.7,1
FC,910,R0,8.8,8.8,4
FC,910,R0,8.9,8.9,1
FC,910,R0,9.0,9.0,2
FC,910,R0,9.1,9.1,1
FC,910,R0,9.299999999999999,9.299999999999999,1
FC,910,R0,9.5,9.5,1
FC,910,R0,9.6,9.6,1
FC,910,R0,9.700000000000001,9.700000000000001,1
FC,910,R0,10.200000000000001,10.200000000000001,1
FC,910,R0,10.3,10.3,2
FC,910,R0,10.4,10.4,1
FC,910,R0,10.5,10.5,1
FC,910,R0,10.6,10.6,1
FC,910,R0,10.7,10.7,2
FC,910,R0,10.8,10.8,1
FC,910,R0,10.9,10.9,2
FC,910,R0,11.1,11.1,1
FC,910,R0,11.5,11.5,1
FC,910,R0,11.6,11.6,1
FC,910,R0,11.9,11.9,2
FC,910,R0,12.1,12.1,1
FC,910,R0,12.8,12.8,1
FC,910,R0,12.9,12.9,2
FC,910,R0,13.299999999999999,13.299999999999999,1
FC,910,R0,13.4,13.4,1
FC,910,R0,13.799999999999999,13.799999999999999,2
FC,910,R0,14.0,14.0,1
FC,910,R0,14.200000000000001,14.200000000000001,1
FC,910,R0,14.4,14.4,1
FC,910,R0,15.0,15.0,1
FC,910,R0,15.100000000000001,15.100000000000001,2
FC,910,R0,15.299999999999999,15.299999999999999,1
FC,910,R0,15.4,15.4,1
FC,910,R0,15.5,15.5,1
FC,910,R0,16.2,16.2,1
FC,910,R0,16.400000000000002,16.400000000000002,1
FC,910,R0,16.5,16.5,1
FC,910,R0,16.6,16.6,1
FC,910,R0,16.7,16.7,2
FC,910,R0,17.3,17.3,1
FC,910,R0,17.7,17.7,2
FC,910,R0,18.700000000000003,18.700000000000003,1
FC,910,R0,18.9,18.9,1
FC,910,R0,19.3,19.3,1
FC,910,R0,19.400000000000002,19.400000000000002,1
FC,910,R0,19.5,19.5,1
FC,910,R0,19.599999999999998,19.599999999999998,1
FC,910,R0,20.0,20.0,1
FC,910,R0,20.1,20.1,1
FC,910,R0,21.4,21.4,1
FC,910,R0,21.6,21.6,1
FC,910,R0,21.8,21.8,2
FC,910,R0,22.2,22.2,1
FC,910,R0,22.700000000000003,22.700000000000003,1
FC,910,R0,22.8,22.8,1
FC,910,R0,23.2,23.2,1
FC,910,R0,24.0,24.0,2
FC,910,R0,24.7,24.7,1
FC,910,R0,24.9,24.9,1
FC,910,R0,25.5,25.5,1
FC,910,R0,26.3,26.3,1
FC,910,R0,28.299999999999997,28.299999999999997,1
FC,910,R0,28.6,28.6,1
FC,910,R0,30.700000000000003,30.700000000000003,2
FC,910,R0,32.9,32.9,1
FC,910,R0,34.5,34.5,1
FC,910,R0,34.8,34.8,1
FC,910,R0,34.9,34.9,1
FC,910,R0,35.1,35.1,1
FC,910,R0,35.5,35.5,1
FC,910,R0,40.0,40.0,1
FC,910,R0,40.4,40.4,1
FC,910,R0,42.2,42.2,1
FC,910,R0,42.6,42.6,1
FC,910,R0,43.8,43.8,1
FC,910,R0,45.3,45.3,1
FC,910,R0,47.0,47.0,1
FC,910,R0,48.300000000000004,48.300000000000004,1
FC,910,R0,48.800000000000004,48.800000000000004,1
FC,910,R0,49.5,49.5,1
FC,910,R0,49.8,49.8,1
FC,910,R0,50.1,50.1,1
FC,910,R0,51.6,51.6,1
FC,910,R0,52.2,52.2,1
FC,910,R0,52.5,52.5,1
FC,910,R0,54.0,54.0,1
FC,910,R0,55.9,55.9,1
FC,910,R0,56.4,56.4,1
FC,910,R0,56.599999999999994,56.599999999999994,1
FC,910,R0,59.2,59.2,1
FC,910,R0,59.5,59.5,1
FC,910,R0,60.400000000000006,60.400000000000006,1
FC,910,R0,71.5,71.5,1
FC,910,R0,84.5,84.5,1
FC,910,R0,85.0,85.0,1
FC,910,R0,85.9,85.9,1
FC,910,R0,93.5,93.5,1
FC,910,R0,96.0,96.0,1
FC,910,R0,96.19999999999999,96.19999999999999,1
FC,910,R0,99.6,99.6,1
FC,910,R0,99.8,99.8,1
FC,910,R0,118.0,118.0,1
FC,910,R0,133.0,133.0,1
FC,910,R0,135.0,135.0,1
FC,910,R0,158.0,158.0,1
FC,910,R0,161.0,161.0,1
FC,910,R0,163.0,163.0,1
FC,910,R0,196.0,196.0,1
FC,910,R0,209.0,209.0,1
FC,910,R0,218.0,218.0,1
FC,910,R0,248.0,248.0,1
FC,910,R0,254.0,254.0,1
FC,910,R0,418.0,418.0,1
FC,910,R0,582.0,582.0,1
FC,910,R0,583.0,583.0,1
FC,910,R0,1530.0,1530.0,1
FC,910,R1,0.0,2.0,131
FC,910,R1,1.0,10.0,133
FC,910,R1,10.0,100.0,105
FC,910,R1,100.0,1000.0,14
FC,910,R1,1000.0,inf,1
FC,910,R1_coarse,0.0,2.0,131
FC,910,R1_coarse,0.0,10.0,133
FC,910,R1_coarse,10.0,1000.0,119
FC,910,R1_coarse,1000.0,inf,1
FC,910,R2,0.0,inf,384
FC,911,R0,0.0,2.0,380
FC,911,R0,2.3,2.3,1
FC,911,R0,2.8,2.8,1
FC,911,R0,3.1,3.1,2
FC,911,R1,0.0,2.0,380
FC,911,R1,1.0,10.0,4
FC,911,R1_coarse,0.0,2.0,380
FC,911,R1_coarse,0.0,10.0,4
FC,911,R2,0.0,inf,384
FC,930,R0,0.0,1.0,254
FC,930,R0,1.0,1.0,3
FC,930,R0,1.1,1.1,5
FC,930,R0,1.2,1.2,4
FC,930,R0,1.3,1.3,5
FC,930,R0,1.4,1.4,4
FC,930,R0,1.5,1.5,8
FC,930,R0,1.6,1.6,3
FC,930,R0,1.7,1.7,3
FC,930,R0,1.8,1.8,2
FC,930,R0,1.9,1.9,6
FC,930,R0,2.0,2.0,6
FC,930,R0,2.1,2.1,7
FC,930,R0,2.2,2.2,3
FC,930,R0,2.4,2.4,2
FC,930,R0,2.5,2.5,6
FC,930,R0,2.6,2.6,2
FC,930,R0,2.7,2.7,3
FC,930,R0,2.8,2.8,4
FC,930,R0,2.9,2.9,4
FC,930,R0,3.0,3.0,5
FC,930,R0,3.1,3.1,3
FC,930,R0,3.2,3.2,3
FC,930,R0,3.3,3.3,4
FC,930,R0,3.4,3.4,3
FC,930,R0,3.5,3.5,2
FC,930,R0,3.6,3.6,3
FC,930,R0,3.7,3.7,1
FC,930,R0,3.8,3.8,1
FC,930,R0,3.9,3.9,1
FC,930,R0,4.0,4.0,2
FC,930,R0,4.1000000000000005,4.1000000000000005,2
FC,930,R0,4.2,4.2,3
FC,930,R0,4.4,4.4,4
FC,930,R0,4.5,4.5,2
FC,930,R0,4.8,4.8,1
FC,930,R0,4.8999999999999995,4.8999999999999995,1
FC,930,R0,5.1000000000000005,5.1000000000000005,2
FC,930,R0,5.2,5.2,1
FC,930,R0,5.4,5.4,1
FC,930,R0,5.5,5.5,1
FC,930,R0,5.7,5.7,1
FC,930,R0,6.8,6.8,1
FC,930,R0,7.6,7.6,1
FC,930,R0,60.0,60.0,1
FC,930,R1,0.0,1.0,254
FC,930,R1,1.0,10.0,129
FC,930,R1,10.0,100.0,1
FC,930,R1_coarse,0.0,1.0,254
FC,930,R1_coarse,0.0,10.0,129
FC,930,R1_coarse,10.0,1000.0,1
FC,930,R2,0.0,inf,384
FC,943,R0,0.0,50.0,384
FC,943,R1,0.0,50.0,384
FC,943,R1_coarse,0.0,50.0,384
FC,943,R2,0.0,inf,384
FC,945,R0,0.0,4.0,384
FC,945,R1,0.0,4.0,384
FC,945,R1_coarse,0.0,4.0,384
FC,945,R2,0.0,inf,384
FC,946,R0,0.0,10.0,384
FC,946,R1,0.0,10.0,384
FC,946,R1_coarse,0.0,10.0,384
FC,946,R2,0.0,inf,384
FC,947,R0,0.0,3.0,384
FC,947,R1,0.0,3.0,384
FC,947,R1_coarse,0.0,3.0,384
FC,947,R2,0.0,inf,384
FC,960,R0,0.0,6.0,384
FC,960,R1,0.0,6.0,384
FC,960,R1_coarse,0.0,6.0,384
FC,960,R2,0.0,inf,384
FC,967,R0,0.0,10.0,384
FC,967,R1,0.0,10.0,384
FC,967,R1_coarse,0.0,10.0,384
FC,967,R2,0.0,inf,384
FC,A15,R0,0.0,1.0,384
FC,A15,R1,0.0,1.0,384
FC,A15,R1_coarse,0.0,1.0,384
FC,A15,R2,0.0,inf,384
FC,A30,R0,0.0,4.0,384
FC,A30,R1,0.0,4.0,384
FC,A30,R1_coarse,0.0,4.0,384
FC,A30,R2,0.0,inf,384
FC,A38,R0,0.0,6.0,364
FC,A38,R1,0.0,6.0,364
FC,A38,R1_coarse,0.0,6.0,364
FC,A38,R2,0.0,inf,364
FC,A47,R0,0.0,16.0,384
FC,A47,R1,0.0,16.0,384
FC,A47,R1_coarse,0.0,16.0,384
FC,A47,R2,0.0,inf,384
FC,A59,R0,0.0,3.0,384
FC,A59,R1,0.0,3.0,384
FC,A59,R1_coarse,0.0,3.0,384
FC,A59,R2,0.0,inf,384
FC,A82,R0,0.0,9.0,384
FC,A82,R1,0.0,9.0,384
FC,A82,R1_coarse,0.0,9.0,384
FC,A82,R2,0.0,inf,384
FC,AAV,R0,0.0,6.0,384
FC,AAV,R1,0.0,6.0,384
FC,AAV,R1_coarse,0.0,6.0,384
FC,AAV,R2,0.0,inf,384
FC,ABG,R0,0.0,25.0,384
FC,ABG,R1,0.0,25.0,384
FC,ABG,R1_coarse,0.0,25.0,384
FC,ABG,R2,0.0,inf,384
FC,ADC,R0,0.0,2.0,384
FC,ADC,R1,0.0,2.0,384
FC,ADC,R1_coarse,0.0,2.0,384
FC,ADC,R2,0.0,inf,384
FC,ADD,R0,0.0,6.0,384
FC,ADD,R1,0.0,6.0,384
FC,ADD,R1_coarse,0.0,6.0,384
FC,ADD,R2,0.0,inf,384
FC,ADE,R0,0.0,1.0,380
FC,ADE,R0,1.9,1.9,1
FC,ADE,R0,2.4,2.4,1
FC,ADE,R0,6.6,6.6,1
FC,ADE,R0,21.4,21.4,1
FC,ADE,R1,0.0,1.0,380
FC,ADE,R1,1.0,10.0,3
FC,ADE,R1,10.0,100.0,1
FC,ADE,R1_coarse,0.0,1.0,380
FC,ADE,R1_coarse,0.0,10.0,3
FC,ADE,R1_coarse,10.0,1000.0,1
FC,ADE,R2,0.0,inf,384
FC,ADG,R0,0.0,13.0,384
FC,ADG,R1,0.0,13.0,384
FC,ADG,R1_coarse,0.0,13.0,384
FC,ADG,R2,0.0,inf,384
FC,ADH,R0,0.0,20.0,383
FC,ADH,R0,102.0,102.0,1
FC,ADH,R1,0.0,20.0,383
FC,ADH,R1,100.0,1000.0,1
FC,ADH,R1_coarse,0.0,20.0,383
FC,ADH,R1_coarse,10.0,1000.0,1
FC,ADH,R2,0.0,inf,384
FC,ADJ,R0,0.0,1.0,384
FC,ADJ,R1,0.0,1.0,384
FC,ADJ,R1_coarse,0.0,1.0,384
FC,ADJ,R2,0.0,inf,384
FC,ADK,R0,0.0,30.0,363
FC,ADK,R1,0.0,30.0,363
FC,ADK,R1_coarse,0.0,30.0,363
FC,ADK,R2,0.0,inf,363
FC,ADL,R0,0.0,6.0,384
FC,ADL,R1,0.0,6.0,384
FC,ADL,R1_coarse,0.0,6.0,384
FC,ADL,R2,0.0,inf,384
FC,AEC,R0,0.0,12.0,384
FC,AEC,R1,0.0,12.0,384
FC,AEC,R1_coarse,0.0,12.0,384
FC,AEC,R2,0.0,inf,384
FC,AEL,R0,0.0,1.0,382
FC,AEL,R0,1.5,1.5,1
FC,AEL,R0,2.7,2.7,1
FC,AEL,R1,0.0,1.0,382
FC,AEL,R1,1.0,10.0,2
FC,AEL,R1_coarse,0.0,1.0,382
FC,AEL,R1_coarse,0.0,10.0,2
FC,AEL,R2,0.0,inf,384
FC,AEP,R0,0.0,10.0,384
FC,AEP,R1,0.0,10.0,384
FC,AEP,R1_coarse,0.0,10.0,384
FC,AEP,R2,0.0,inf,384
FC,AES,R0,0.0,2.0,384
FC,AES,R1,0.0,2.0,384
FC,AES,R1_coarse,0.0,2.0,384
FC,AES,R2,0.0,inf,384
FC,AEV,R0,0.0,2.0,384
FC,AEV,R1,0.0,2.0,384
FC,AEV,R1_coarse,0.0,2.0,384
FC,AEV,R2,0.0,inf,384
FC,AEW,R0,0.0,20.0,384
FC,AEW,R1,0.0,20.0,384
FC,AEW,R1_coarse,0.0,20.0,384
FC,AEW,R2,0.0,inf,384
FC,AFS,R0,0.0,2.0,384
FC,AFS,R1,0.0,2.0,384
FC,AFS,R1_coarse,0.0,2.0,384
FC,AFS,R2,0.0,inf,384
FC,AFW,R0,0.0,5.0,384
FC,AFW,R1,0.0,5.0,384
FC,AFW,R1_coarse,0.0,5.0,384
FC,AFW,R2,0.0,inf,384
FC,AGJ,R0,0.0,2.0,384
FC,AGJ,R1,0.0,2.0,384
FC,AGJ,R1_coarse,0.0,2.0,384
FC,AGJ,R2,0.0,inf,384
FC,AGR,R0,0.0,8.0,383
FC,AGR,R0,8.7,8.7,1
FC,AGR,R1,0.0,8.0,383
FC,AGR,R1,1.0,10.0,1
FC,AGR,R1_coarse,0.0,8.0,383
FC,AGR,R1_coarse,0.0,10.0,1
FC,AGR,R2,0.0,inf,384
FC,B13,R0,0.0,1.0,384
FC,B13,R1,0.0,1.0,384
FC,B13,R1_coarse,0.0,1.0,384
FC,B13,R2,0.0,inf,384
FC,B15,R0,0.0,30.0,384
FC,B15,R1,0.0,30.0,384
FC,B15,R1_coarse,0.0,30.0,384
FC,B15,R2,0.0,inf,384
FC,B21,R0,0.0,1.0,383
FC,B21,R0,1.5,1.5,1
FC,B21,R1,0.0,1.0,383
FC,B21,R1,1.0,10.0,1
FC,B21,R1_coarse,0.0,1.0,383
FC,B21,R1_coarse,0.0,10.0,1
FC,B21,R2,0.0,inf,384
FC,B26,R0,0.0,1.0,384
FC,B26,R1,0.0,1.0,384
FC,B26,R1_coarse,0.0,1.0,384
FC,B26,R2,0.0,inf,384
FC,B41,R0,0.0,2.0,384
FC,B41,R1,0.0,2.0,384
FC,B41,R1_coarse,0.0,2.0,384
FC,B41,R2,0.0,inf,384
FC,B43,R0,0.0,20.0,384
FC,B43,R1,0.0,20.0,384
FC,B43,R1_coarse,0.0,20.0,384
FC,B43,R2,0.0,inf,384
FC,B48,R0,0.0,1.0,384
FC,B48,R1,0.0,1.0,384
FC,B48,R1_coarse,0.0,1.0,384
FC,B48,R2,0.0,inf,384
FC,B53,R0,0.0,1.0,144
FC,B53,R1,0.0,1.0,144
FC,B53,R1_coarse,0.0,1.0,144
FC,B53,R2,0.0,inf,144
FC,B56,R0,0.0,1.0,384
FC,B56,R1,0.0,1.0,384
FC,B56,R1_coarse,0.0,1.0,384
FC,B56,R2,0.0,inf,384
FC,B61,R0,0.0,15.0,384
FC,B61,R1,0.0,15.0,384
FC,B61,R1_coarse,0.0,15.0,384
FC,B61,R2,0.0,inf,384
FC,B64,R0,0.0,3.0,384
FC,B64,R1,0.0,3.0,384
FC,B64,R1_coarse,0.0,3.0,384
FC,B64,R2,0.0,inf,384
FC,B68,R0,0.0,2.0,384
FC,B68,R1,0.0,2.0,384
FC,B68,R1_coarse,0.0,2.0,384
FC,B68,R2,0.0,inf,384
FC,B70,R0,0.0,3.0,384
FC,B70,R1,0.0,3.0,384
FC,B70,R1_coarse,0.0,3.0,384
FC,B70,R2,0.0,inf,384
FC,B72,R0,0.0,2.0,384
FC,B72,R1,0.0,2.0,384
FC,B72,R1_coarse,0.0,2.0,384
FC,B72,R2,0.0,inf,384
FC,B75,R0,0.0,6.0,384
FC,B75,R1,0.0,6.0,384
FC,B75,R1_coarse,0.0,6.0,384
FC,B75,R2,0.0,inf,384
FC,B77,R0,0.0,5.0,384
FC,B77,R1,0.0,5.0,384
FC,B77,R1_coarse,0.0,5.0,384
FC,B77,R2,0.0,inf,384
FC,B80,R0,0.0,16.0,384
FC,B80,R1,0.0,16.0,384
FC,B80,R1_coarse,0.0,16.0,384
FC,B80,R2,0.0,inf,384
FC,B82,R0,0.0,20.0,383
FC,B82,R1,0.0,20.0,383
FC,B82,R1_coarse,0.0,20.0,383
FC,B82,R2,0.0,inf,383
FC,B85,R0,0.0,1.0,384
FC,B85,R1,0.0,1.0,384
FC,B85,R1_coarse,0.0,1.0,384
FC,B85,R2,0.0,inf,384
