commodity,analyte,analyte_name,n_all,n_working,n_NP,n_ND,n_O,n_A,n_R,n_invalid,R0_lower,R0_upper,R0_width,R0_above_2_lower,R0_above_2_upper,R0_above_10_lower,R0_above_10_upper,R0_above_20_lower,R0_above_20_upper,R1_lower,R1_upper,R1_width,R1_above_2_lower,R1_above_2_upper,R1_above_10_lower,R1_above_10_upper,R1_above_20_lower,R1_above_20_upper,R1_coarse_lower,R1_coarse_upper,R1_coarse_width,R1_coarse_above_2_lower,R1_coarse_above_2_upper,R1_coarse_above_10_lower,R1_coarse_above_10_upper,R1_coarse_above_20_lower,R1_coarse_above_20_upper,R2_lower,R2_upper,R2_width,R2_above_2_lower,R2_above_2_upper,R2_above_10_lower,R2_above_10_upper,R2_above_20_lower,R2_above_20_upper
FC,001,Aldrin,384,384,0,384,0,0,0,0,0.0,5.0,5.0,0.0,1.0,0.0,0.0,0.0,0.0,0.0,5.0,5.0,0.0,1.0,0.0,0.0,0.0,0.0,0.0,5.0,5.0,0.0,1.0,0.0,0.0,0.0,0.0,0.0,inf,inf,0.0,1.0,0.0,1.0,0.0,1.0
FC,002,Allethrin,384,384,0,384,0,0,0,0,0.0,5.0,5.0,0.0,1.0,0.0,0.0,0.0,0.0,0.0,5.0,5.0,0.0,1.0,0.0,0.0,0.0,0.0,0.0,5.0,5.0,0.0,1.0,0.0,0.0,0.0,0.0,0.0,inf,inf,0.0,1.0,0.0,1.0,0.0,1.0
FC,011,Captan,384,384,0,384,0,0,0,0,0.0,5.0,5.0,0.0,1.0,0.0,0.0,0.0,0.0,0.0,5.0,5.0,0.0,1.0,0.0,0.0,0.0,0.0,0.0,5.0,5.0,0.0,1.0,0.0,0.0,0.0,0.0,0.0,inf,inf,0.0,1.0,0.0,1.0,0.0,1.0
FC,015,Chlorobenzilate,384,0,384,0,0,0,0,0,,,,,,,,,,,,,,,,,,,,,,,,,,,,,,,,,,,,
FC,024,Diazinon,384,384,0,384,0,0,0,0,0.0,1.0,1.0,0.0,0.0,0.0,0.0,0.0,0.0,0.0,1.0,1.0,0.0,0.0,0.0,0.0,0.0,0.0,0.0,1.0,1.0,0.0,0.0,0.0,0.0,0.0,0.0,0.0,inf,inf,0.0,1.0,0.0,1.0,0.0,1.0
FC,028,Dieldrin,384,384,0,384,0,0,0,0,0.0,5.0,5.0,0.0,1.0,0.0,0.0,0.0,0.0,0.0,5.0,5.0,0.0,1.0,0.0,0.0,0.0,0.0,0.0,5.0,5.0,0.0,1.0,0.0,0.0,0.0,0.0,0.0,inf,inf,0.0,1.0,0.0,1.0,0.0,1.0
FC,032,Diuron,384,384,0,360,24,0,0,0,3.0140625,18.014062499999998,14.999999999999998,0.0625,1.0,0.0625,1.0,0.057291666666666664,0.057291666666666664,1.09375,25.9375,24.84375,0.0625,1.0,0.005208333333333333,1.0,0.005208333333333333,0.0625,0.625,77.5,76.875,0.0625,1.0,0.0,1.0,0.0,0.0625,0.0,inf,inf,0.0,1.0,0.0,1.0,0.0,1.0
FC,034,Endrin,384,384,0,384,0,0,0,0,0.0,5.0,5.0,0.0,1.0,0.0,0.0,0.0,0.0,0.0,5.0,5.0,0.0,1.0,0.0,0.0,0.0,0.0,0.0,5.0,5.0,0.0,1.0,0.0,0.0,0.0,0.0,0.0,inf,inf,0.0,1.0,0.0,1.0,0.0,1.0
FC,035,EPN,384,384,0,384,0,0,0,0,0.0,1.0,1.0,0.0,0.0,0.0,0.0,0.0,0.0,0.0,1.0,1.0,0.0,0.0,0.0,0.0,0.0,0.0,0.0,1.0,1.0,0.0,0.0,0.0,0.0,0.0,0.0,0.0,inf,inf,0.0,1.0,0.0,1.0,0.0,1.0
FC,042,Azinphos methyl,384,384,0,383,1,0,0,0,0.0067708333333333336,2.0015625,1.9947916666666665,0.0026041666666666665,0.0026041666666666665,0.0,0.0,0.0,0.0,0.0026041666666666665,2.0208333333333335,2.018229166666667,0.0,0.0026041666666666665,0.0,0.0,0.0,0.0,0.0,2.0208333333333335,2.0208333333333335,0.0,0.0026041666666666665,0.0,0.0,0.0,0.0,0.0,inf,inf,0.0,1.0,0.0,1.0,0.0,1.0
FC,044,Heptachlor,384,384,0,384,0,0,0,0,0.0,5.0,5.0,0.0,1.0,0.0,0.0,0.0,0.0,0.0,5.0,5.0,0.0,1.0,0.0,0.0,0.0,0.0,0.0,5.0,5.0,0.0,1.0,0.0,0.0,0.0,0.0,0.0,inf,inf,0.0,1.0,0.0,1.0,0.0,1.0
FC,050,Lindane (BHC gamma),384,384,0,380,4,0,0,0,0.03333333333333333,2.0124999999999997,1.9791666666666663,0.010416666666666666,0.010416666666666666,0.0,0.0,0.0,0.0,0.010416666666666666,2.0833333333333335,2.072916666666667,0.0,0.010416666666666666,0.0,0.0,0.0,0.0,0.0,2.0833333333333335,2.0833333333333335,0.0,0.010416666666666666,0.0,0.0,0.0,0.0,0.0,inf,inf,0.0,1.0,0.0,1.0,0.0,1.0
FC,052,Malathion,384,0,384,0,0,0,0,0,,,,,,,,,,,,,,,,,,,,,,,,,,,,,,,,,,,,
FC,057,Parathion methyl,384,384,0,384,0,0,0,0,0.0,1.0,1.0,0.0,0.0,0.0,0.0,0.0,0.0,0.0,1.0,1.0,0.0,0.0,0.0,0.0,0.0,0.0,0.0,1.0,1.0,0.0,0.0,0.0,0.0,0.0,0.0,0.0,inf,inf,0.0,1.0,0.0,1.0,0.0,1.0
FC,058,MGK-264,384,384,0,384,0,0,0,0,0.0,15.0,15.0,0.0,1.0,0.0,1.0,0.0,0.0,0.0,15.0,15.0,0.0,1.0,0.0,1.0,0.0,0.0,0.0,15.0,15.0,0.0,1.0,0.0,1.0,0.0,0.0,0.0,inf,inf,0.0,1.0,0.0,1.0,0.0,1.0
FC,065,Parathion ethyl,384,0,384,0,0,0,0,0,,,,,,,,,,,,,,,,,,,,,,,,,,,,,,,,,,,,
FC,069,Mevinphos Total,384,384,0,384,0,0,0,0,0.0,10.0,10.0,0.0,1.0,0.0,0.0,0.0,0.0,0.0,10.0,10.0,0.0,1.0,0.0,0.0,0.0,0.0,0.0,10.0,10.0,0.0,1.0,0.0,0.0,0.0,0.0,0.0,inf,inf,0.0,1.0,0.0,1.0,0.0,1.0
FC,070,Piperonyl butoxide,383,383,0,383,0,0,0,0,0.0,8.0,8.0,0.0,1.0,0.0,0.0,0.0,0.0,0.0,8.0,8.0,0.0,1.0,0.0,0.0,0.0,0.0,0.0,8.0,8.0,0.0,1.0,0.0,0.0,0.0,0.0,0.0,inf,inf,0.0,1.0,0.0,1.0,0.0,1.0
FC,075,Pyrethrins,384,384,0,384,0,0,0,0,0.0,10.0,10.0,0.0,1.0,0.0,0.0,0.0,0.0,0.0,10.0,10.0,0.0,1.0,0.0,0.0,0.0,0.0,0.0,10.0,10.0,0.0,1.0,0.0,0.0,0.0,0.0,0.0,inf,inf,0.0,1.0,0.0,1.0,0.0,1.0
FC,102,Carbaryl,384,384,0,384,0,0,0,0,0.0,5.0,5.0,0.0,1.0,0.0,0.0,0.0,0.0,0.0,5.0,5.0,0.0,1.0,0.0,0.0,0.0,0.0,0.0,5.0,5.0,0.0,1.0,0.0,0.0,0.0,0.0,0.0,inf,inf,0.0,1.0,0.0,1.0,0.0,1.0
FC,108,Tetradifon,384,384,0,384,0,0,0,0,0.0,1.0,1.0,0.0,0.0,0.0,0.0,0.0,0.0,0.0,1.0,1.0,0.0,0.0,0.0,0.0,0.0,0.0,0.0,1.0,1.0,0.0,0.0,0.0,0.0,0.0,0.0,0.0,inf,inf,0.0,1.0,0.0,1.0,0.0,1.0
FC,114,Chlorpropham,384,384,0,384,0,0,0,0,0.0,20.0,20.0,0.0,1.0,0.0,1.0,0.0,0.0,0.0,20.0,20.0,0.0,1.0,0.0,1.0,0.0,0.0,0.0,20.0,20.0,0.0,1.0,0.0,1.0,0.0,0.0,0.0,inf,inf,0.0,1.0,0.0,1.0,0.0,1.0
FC,117,Disulfoton,384,384,0,384,0,0,0,0,0.0,5.0,5.0,0.0,1.0,0.0,0.0,0.0,0.0,0.0,5.0,5.0,0.0,1.0,0.0,0.0,0.0,0.0,0.0,5.0,5.0,0.0,1.0,0.0,0.0,0.0,0.0,0.0,inf,inf,0.0,1.0,0.0,1.0,0.0,1.0
FC,124,Coumaphos,384,384,0,384,0,0,0,0,0.0,1.0,1.0,0.0,0.0,0.0,0.0,0.0,0.0,0.0,1.0,1.0,0.0,0.0,0.0,0.0,0.0,0.0,0.0,1.0,1.0,0.0,0.0,0.0,0.0,0.0,0.0,0.0,inf,inf,0.0,1.0,0.0,1.0,0.0,1.0
FC,125,Diphenylamine (DPA),384,384,0,364,20,0,0,0,0.14973958333333334,2.0455729166666665,1.8958333333333333,0.052083333333333336,0.052083333333333336,0.0,0.0,0.0,0.0,0.052083333333333336,2.4166666666666665,2.364583333333333,0.0,0.052083333333333336,0.0,0.0,0.0,0.0,0.0,2.4166666666666665,2.4166666666666665,0.0,0.052083333333333336,0.0,0.0,0.0,0.0,0.0,inf,inf,0.0,1.0,0.0,1.0,0.0,1.0
FC,129,Linuron,384,384,0,384,0,0,0,0,0.0,5.0,5.0,0.0,1.0,0.0,0.0,0.0,0.0,0.0,5.0,5.0,0.0,1.0,0.0,0.0,0.0,0.0,0.0,5.0,5.0,0.0,1.0,0.0,0.0,0.0,0.0,0.0,inf,inf,0.0,1.0,0.0,1.0,0.0,1.0
FC,134,DCPA,384,384,0,384,0,0,0,0,0.0,1.0,1.0,0.0,0.0,0.0,0.0,0.0,0.0,0.0,1.0,1.0,0.0,0.0,0.0,0.0,0.0,0.0,0.0,1.0,1.0,0.0,0.0,0.0,0.0,0.0,0.0,0.0,inf,inf,0.0,1.0,0.0,1.0,0.0,1.0
FC,143,Heptachlor epoxide,384,384,0,384,0,0,0,0,0.0,5.0,5.0,0.0,1.0,0.0,0.0,0.0,0.0,0.0,5.0,5.0,0.0,1.0,0.0,0.0,0.0,0.0,0.0,5.0,5.0,0.0,1.0,0.0,0.0,0.0,0.0,0.0,inf,inf,0.0,1.0,0.0,1.0,0.0,1.0
FC,144,Dicloran,384,384,0,384,0,0,0,0,0.0,1.0,1.0,0.0,0.0,0.0,0.0,0.0,0.0,0.0,1.0,1.0,0.0,0.0,0.0,0.0,0.0,0.0,0.0,1.0,1.0,0.0,0.0,0.0,0.0,0.0,0.0,0.0,inf,inf,0.0,1.0,0.0,1.0,0.0,1.0
FC,148,Phorate,384,384,0,384,0,0,0,0,0.0,12.0,12.0,0.0,1.0,0.0,1.0,0.0,0.0,0.0,12.0,12.0,0.0,1.0,0.0,1.0,0.0,0.0,0.0,12.0,12.0,0.0,1.0,0.0,1.0,0.0,0.0,0.0,inf,inf,0.0,1.0,0.0,1.0,0.0,1.0
FC,149,Simazine,384,384,0,384,0,0,0,0,0.0,3.0,3.0,0.0,1.0,0.0,0.0,0.0,0.0,0.0,3.0,3.0,0.0,1.0,0.0,0.0,0.0,0.0,0.0,3.0,3.0,0.0,1.0,0.0,0.0,0.0,0.0,0.0,inf,inf,0.0,1.0,0.0,1.0,0.0,1.0
FC,151,Trifluralin,384,384,0,381,3,0,0,0,0.020833333333333332,1.0130208333333333,0.9921874999999999,0.0078125,0.0078125,0.0,0.0,0.0,0.0,0.0078125,1.0703125,1.0625,0.0,0.0078125,0.0,0.0,0.0,0.0,0.0,1.0703125,1.0703125,0.0,0.0078125,0.0,0.0,0.0,0.0,0.0,inf,inf,0.0,1.0,0.0,1.0,0.0,1.0
FC,158,Nitrofen,384,384,0,384,0,0,0,0,0.0,1.0,1.0,0.0,0.0,0.0,0.0,0.0,0.0,0.0,1.0,1.0,0.0,0.0,0.0,0.0,0.0,0.0,0.0,1.0,1.0,0.0,0.0,0.0,0.0,0.0,0.0,0.0,inf,inf,0.0,1.0,0.0,1.0,0.0,1.0
FC,159,Methomyl,384,0,384,0,0,0,0,0,,,,,,,,,,,,,,,,,,,,,,,,,,,,,,,,,,,,
FC,160,Chlorpyrifos,384,384,0,347,37,0,0,0,0.5104166666666666,1.4140625,0.9036458333333334,0.06510416666666667,0.06510416666666667,0.010416666666666666,0.010416666666666666,0.005208333333333333,0.005208333333333333,0.19010416666666666,2.8046875,2.6145833333333335,0.010416666666666666,0.09635416666666667,0.0,0.010416666666666666,0.0,0.010416666666666666,0.10416666666666667,12.1796875,12.075520833333334,0.010416666666666666,0.09635416666666667,0.0,0.010416666666666666,0.0,0.010416666666666666,0.0,inf,inf,0.0,1.0,0.0,1.0,0.0,1.0
FC,162,Propoxur,384,384,0,384,0,0,0,0,0.0,25.0,25.0,0.0,1.0,0.0,1.0,0.0,1.0,0.0,25.0,25.0,0.0,1.0,0.0,1.0,0.0,1.0,0.0,25.0,25.0,0.0,1.0,0.0,1.0,0.0,1.0,0.0,inf,inf,0.0,1.0,0.0,1.0,0.0,1.0
FC,165,Phosmet,384,384,0,384,0,0,0,0,0.0,3.0,3.0,0.0,1.0,0.0,0.0,0.0,0.0,0.0,3.0,3.0,0.0,1.0,0.0,0.0,0.0,0.0,0.0,3.0,3.0,0.0,1.0,0.0,0.0,0.0,0.0,0.0,inf,inf,0.0,1.0,0.0,1.0,0.0,1.0
FC,166,Phosalone,384,384,0,384,0,0,0,0,0.0,12.0,12.0,0.0,1.0,0.0,1.0,0.0,0.0,0.0,12.0,12.0,0.0,1.0,0.0,1.0,0.0,0.0,0.0,12.0,12.0,0.0,1.0,0.0,1.0,0.0,0.0,0.0,inf,inf,0.0,1.0,0.0,1.0,0.0,1.0
FC,167,Aldicarb,384,384,0,384,0,0,0,0,0.0,25.0,25.0,0.0,1.0,0.0,1.0,0.0,1.0,0.0,25.0,25.0,0.0,1.0,0.0,1.0,0.0,1.0,0.0,25.0,25.0,0.0,1.0,0.0,1.0,0.0,1.0,0.0,inf,inf,0.0,1.0,0.0,1.0,0.0,1.0
FC,168,Aldicarb sulfone,384,384,0,384,0,0,0,0,0.0,10.0,10.0,0.0,1.0,0.0,0.0,0.0,0.0,0.0,10.0,10.0,0.0,1.0,0.0,0.0,0.0,0.0,0.0,10.0,10.0,0.0,1.0,0.0,0.0,0.0,0.0,0.0,inf,inf,0.0,1.0,0.0,1.0,0.0,1.0
FC,171,Dimethoate,384,384,0,384,0,0,0,0,0.0,4.0,4.0,0.0,1.0,0.0,0.0,0.0,0.0,0.0,4.0,4.0,0.0,1.0,0.0,0.0,0.0,0.0,0.0,4.0,4.0,0.0,1.0,0.0,0.0,0.0,0.0,0.0,inf,inf,0.0,1.0,0.0,1.0,0.0,1.0
FC,172,Chlordane trans,384,384,0,384,0,0,0,0,0.0,1.0,1.0,0.0,0.0,0.0,0.0,0.0,0.0,0.0,1.0,1.0,0.0,0.0,0.0,0.0,0.0,0.0,0.0,1.0,1.0,0.0,0.0,0.0,0.0,0.0,0.0,0.0,inf,inf,0.0,1.0,0.0,1.0,0.0,1.0
FC,173,Chlordane cis,384,384,0,383,1,0,0,0,0.0033854166666666668,1.00078125,0.9973958333333333,0.0,0.0,0.0,0.0,0.0,0.0,0.0026041666666666665,1.0234375,1.0208333333333333,0.0,0.0026041666666666665,0.0,0.0,0.0,0.0,0.0,1.0234375,1.0234375,0.0,0.0026041666666666665,0.0,0.0,0.0,0.0,0.0,inf,inf,0.0,1.0,0.0,1.0,0.0,1.0
FC,176,Tetrachlorvinphos,384,384,0,384,0,0,0,0,0.0,2.0,2.0,0.0,0.0,0.0,0.0,0.0,0.0,0.0,2.0,2.0,0.0,0.0,0.0,0.0,0.0,0.0,0.0,2.0,2.0,0.0,0.0,0.0,0.0,0.0,0.0,0.0,inf,inf,0.0,1.0,0.0,1.0,0.0,1.0
FC,177,Fenthion,384,384,0,384,0,0,0,0,0.0,9.0,9.0,0.0,1.0,0.0,0.0,0.0,0.0,0.0,9.0,9.0,0.0,1.0,0.0,0.0,0.0,0.0,0.0,9.0,9.0,0.0,1.0,0.0,0.0,0.0,0.0,0.0,inf,inf,0.0,1.0,0.0,1.0,0.0,1.0
FC,180,Carbofuran,384,384,0,384,0,0,0,0,0.0,2.0,2.0,0.0,0.0,0.0,0.0,0.0,0.0,0.0,2.0,2.0,0.0,0.0,0.0,0.0,0.0,0.0,0.0,2.0,2.0,0.0,0.0,0.0,0.0,0.0,0.0,0.0,inf,inf,0.0,1.0,0.0,1.0,0.0,1.0
FC,181,Metribuzin,384,384,0,384,0,0,0,0,0.0,1.0,1.0,0.0,0.0,0.0,0.0,0.0,0.0,0.0,1.0,1.0,0.0,0.0,0.0,0.0,0.0,0.0,0.0,1.0,1.0,0.0,0.0,0.0,0.0,0.0,0.0,0.0,inf,inf,0.0,1.0,0.0,1.0,0.0,1.0
FC,191,Benfluralin,384,384,0,384,0,0,0,0,0.0,1.0,1.0,0.0,0.0,0.0,0.0,0.0,0.0,0.0,1.0,1.0,0.0,0.0,0.0,0.0,0.0,0.0,0.0,1.0,1.0,0.0,0.0,0.0,0.0,0.0,0.0,0.0,inf,inf,0.0,1.0,0.0,1.0,0.0,1.0
FC,197,Methidathion,384,0,384,0,0,0,0,0,,,,,,,,,,,,,,,,,,,,,,,,,,,,,,,,,,,,
FC,202,Carbophenothion,384,384,0,384,0,0,0,0,0.0,1.0,1.0,0.0,0.0,0.0,0.0,0.0,0.0,0.0,1.0,1.0,0.0,0.0,0.0,0.0,0.0,0.0,0.0,1.0,1.0,0.0,0.0,0.0,0.0,0.0,0.0,0.0,inf,inf,0.0,1.0,0.0,1.0,0.0,1.0
FC,205,Terbufos,384,384,0,384,0,0,0,0,0.0,5.0,5.0,0.0,1.0,0.0,0.0,0.0,0.0,0.0,5.0,5.0,0.0,1.0,0.0,0.0,0.0,0.0,0.0,5.0,5.0,0.0,1.0,0.0,0.0,0.0,0.0,0.0,inf,inf,0.0,1.0,0.0,1.0,0.0,1.0
FC,206,Nonachlor trans,384,384,0,383,1,0,0,0,0.0049479166666666664,1.0023437499999999,0.9973958333333331,0.0,0.0,0.0,0.0,0.0,0.0,0.0026041666666666665,1.0234375,1.0208333333333333,0.0,0.0026041666666666665,0.0,0.0,0.0,0.0,0.0,1.0234375,1.0234375,0.0,0.0026041666666666665,0.0,0.0,0.0,0.0,0.0,inf,inf,0.0,1.0,0.0,1.0,0.0,1.0
FC,207,Nonachlor cis,384,384,0,383,1,0,0,0,0.0028645833333333336,1.0002604166666667,0.9973958333333334,0.0,0.0,0.0,0.0,0.0,0.0,0.0026041666666666665,1.0234375,1.0208333333333333,0.0,0.0026041666666666665,0.0,0.0,0.0,0.0,0.0,1.0234375,1.0234375,0.0,0.0026041666666666665,0.0,0.0,0.0,0.0,0.0,inf,inf,0.0,1.0,0.0,1.0,0.0,1.0
FC,227,Alachlor,384,384,0,384,0,0,0,0,0.0,10.0,10.0,0.0,1.0,0.0,0.0,0.0,0.0,0.0,10.0,10.0,0.0,1.0,0.0,0.0,0.0,0.0,0.0,10.0,10.0,0.0,1.0,0.0,0.0,0.0,0.0,0.0,inf,inf,0.0,1.0,0.0,1.0,0.0,1.0
FC,229,Flucythrinate,384,384,0,384,0,0,0,0,0.0,20.0,20.0,0.0,1.0,0.0,1.0,0.0,0.0,0.0,20.0,20.0,0.0,1.0,0.0,1.0,0.0,0.0,0.0,20.0,20.0,0.0,1.0,0.0,1.0,0.0,0.0,0.0,inf,inf,0.0,1.0,0.0,1.0,0.0,1.0
FC,230,Pendimethalin,384,384,0,376,8,0,0,0,0.5216145833333333,2.4799479166666667,1.9583333333333335,0.020833333333333332,0.020833333333333332,0.0078125,0.0078125,0.0078125,0.0078125,0.09114583333333333,2.8697916666666665,2.778645833333333,0.0078125,0.020833333333333332,0.0,0.0078125,0.0,0.0078125,0.078125,9.901041666666666,9.822916666666666,0.0078125,0.020833333333333332,0.0,0.0078125,0.0,0.0078125,0.0,inf,inf,0.0,1.0,0.0,1.0,0.0,1.0
FC,235,Chlorpyrifos methyl,384,384,0,379,5,0,0,0,0.0203125,1.0072916666666667,0.9869791666666667,0.0026041666666666665,0.0026041666666666665,0.0,0.0,0.0,0.0,0.013020833333333334,1.1171875,1.1041666666666667,0.0,0.013020833333333334,0.0,0.0,0.0,0.0,0.0,1.1171875,1.1171875,0.0,0.013020833333333334,0.0,0.0,0.0,0.0,0.0,inf,inf,0.0,1.0,0.0,1.0,0.0,1.0
FC,236,Fenamiphos,384,0,384,0,0,0,0,0,,,,,,,,,,,,,,,,,,,,,,,,,,,,,,,,,,,,
FC,254,"Dicofol p,p'",384,384,0,384,0,0,0,0,0.0,1.0,1.0,0.0,0.0,0.0,0.0,0.0,0.0,0.0,1.0,1.0,0.0,0.0,0.0,0.0,0.0,0.0,0.0,1.0,1.0,0.0,0.0,0.0,0.0,0.0,0.0,0.0,inf,inf,0.0,1.0,0.0,1.0,0.0,1.0
FC,264,Propiconazole,184,0,184,0,0,0,0,0,,,,,,,,,,,,,,,,,,,,,,,,,,,,,,,,,,,,
FC,271,Fenarimol,384,384,0,384,0,0,0,0,0.0,1.0,1.0,0.0,0.0,0.0,0.0,0.0,0.0,0.0,1.0,1.0,0.0,0.0,0.0,0.0,0.0,0.0,0.0,1.0,1.0,0.0,0.0,0.0,0.0,0.0,0.0,0.0,inf,inf,0.0,1.0,0.0,1.0,0.0,1.0
FC,275,"Methoxychlor p,p'",384,384,0,384,0,0,0,0,0.0,6.0,6.0,0.0,1.0,0.0,0.0,0.0,0.0,0.0,6.0,6.0,0.0,1.0,0.0,0.0,0.0,0.0,0.0,6.0,6.0,0.0,1.0,0.0,0.0,0.0,0.0,0.0,inf,inf,0.0,1.0,0.0,1.0,0.0,1.0
FC,280,Fluchloralin,384,384,0,384,0,0,0,0,0.0,6.0,6.0,0.0,1.0,0.0,0.0,0.0,0.0,0.0,6.0,6.0,0.0,1.0,0.0,0.0,0.0,0.0,0.0,6.0,6.0,0.0,1.0,0.0,0.0,0.0,0.0,0.0,inf,inf,0.0,1.0,0.0,1.0,0.0,1.0
FC,283,Metolachlor,384,384,0,384,0,0,0,0,0.0,4.0,4.0,0.0,1.0,0.0,0.0,0.0,0.0,0.0,4.0,4.0,0.0,1.0,0.0,0.0,0.0,0.0,0.0,4.0,4.0,0.0,1.0,0.0,0.0,0.0,0.0,0.0,inf,inf,0.0,1.0,0.0,1.0,0.0,1.0
FC,292,Fluazifop butyl,304,304,0,304,0,0,0,0,0.0,2.0,2.0,0.0,0.0,0.0,0.0,0.0,0.0,0.0,2.0,2.0,0.0,0.0,0.0,0.0,0.0,0.0,0.0,2.0,2.0,0.0,0.0,0.0,0.0,0.0,0.0,0.0,inf,inf,0.0,1.0,0.0,1.0,0.0,1.0
FC,297,Fluvalinate,384,384,0,384,0,0,0,0,0.0,1.0,1.0,0.0,0.0,0.0,0.0,0.0,0.0,0.0,1.0,1.0,0.0,0.0,0.0,0.0,0.0,0.0,0.0,1.0,1.0,0.0,0.0,0.0,0.0,0.0,0.0,0.0,inf,inf,0.0,1.0,0.0,1.0,0.0,1.0
FC,299,Diclofop methyl,384,384,0,384,0,0,0,0,0.0,2.0,2.0,0.0,0.0,0.0,0.0,0.0,0.0,0.0,2.0,2.0,0.0,0.0,0.0,0.0,0.0,0.0,0.0,2.0,2.0,0.0,0.0,0.0,0.0,0.0,0.0,0.0,inf,inf,0.0,1.0,0.0,1.0,0.0,1.0
FC,304,Quintozene (PCNB),384,384,0,384,0,0,0,0,0.0,1.0,1.0,0.0,0.0,0.0,0.0,0.0,0.0,0.0,1.0,1.0,0.0,0.0,0.0,0.0,0.0,0.0,0.0,1.0,1.0,0.0,0.0,0.0,0.0,0.0,0.0,0.0,inf,inf,0.0,1.0,0.0,1.0,0.0,1.0
FC,305,Atrazine,384,384,0,381,3,0,0,0,0.0375,2.021875,1.984375,0.0078125,0.0078125,0.0,0.0,0.0,0.0,0.0078125,2.0625,2.0546875,0.0,0.0078125,0.0,0.0,0.0,0.0,0.0,2.0625,2.0625,0.0,0.0078125,0.0,0.0,0.0,0.0,0.0,inf,inf,0.0,1.0,0.0,1.0,0.0,1.0
FC,310,Propham,384,384,0,384,0,0,0,0,0.0,5.0,5.0,0.0,1.0,0.0,0.0,0.0,0.0,0.0,5.0,5.0,0.0,1.0,0.0,0.0,0.0,0.0,0.0,5.0,5.0,0.0,1.0,0.0,0.0,0.0,0.0,0.0,inf,inf,0.0,1.0,0.0,1.0,0.0,1.0
FC,321,Hexachlorobenzene (HCB),384,384,0,383,1,0,0,0,0.00390625,1.0013020833333333,0.9973958333333333,0.0,0.0,0.0,0.0,0.0,0.0,0.0026041666666666665,1.0234375,1.0208333333333333,0.0,0.0026041666666666665,0.0,0.0,0.0,0.0,0.0,1.0234375,1.0234375,0.0,0.0026041666666666665,0.0,0.0,0.0,0.0,0.0,inf,inf,0.0,1.0,0.0,1.0,0.0,1.0
FC,330,Diphenamid,384,384,0,384,0,0,0,0,0.0,1.0,1.0,0.0,0.0,0.0,0.0,0.0,0.0,0.0,1.0,1.0,0.0,0.0,0.0,0.0,0.0,0.0,0.0,1.0,1.0,0.0,0.0,0.0,0.0,0.0,0.0,0.0,inf,inf,0.0,1.0,0.0,1.0,0.0,1.0
FC,333,Propazine,384,384,0,384,0,0,0,0,0.0,1.0,1.0,0.0,0.0,0.0,0.0,0.0,0.0,0.0,1.0,1.0,0.0,0.0,0.0,0.0,0.0,0.0,0.0,1.0,1.0,0.0,0.0,0.0,0.0,0.0,0.0,0.0,inf,inf,0.0,1.0,0.0,1.0,0.0,1.0
FC,338,Dichlorvos (DDVP),384,384,0,384,0,0,0,0,0.0,9.0,9.0,0.0,1.0,0.0,0.0,0.0,0.0,0.0,9.0,9.0,0.0,1.0,0.0,0.0,0.0,0.0,0.0,9.0,9.0,0.0,1.0,0.0,0.0,0.0,0.0,0.0,inf,inf,0.0,1.0,0.0,1.0,0.0,1.0
FC,349,Oxychlordane,384,0,384,0,0,0,0,0,,,,,,,,,,,,,,,,,,,,,,,,,,,,,,,,,,,,
FC,351,Pentachloroaniline (PCA),384,384,0,374,10,0,0,0,0.035937500000000004,1.0098958333333334,0.9739583333333335,0.0026041666666666665,0.0026041666666666665,0.0,0.0,0.0,0.0,0.026041666666666668,1.234375,1.2083333333333333,0.0,0.026041666666666668,0.0,0.0,0.0,0.0,0.0,1.234375,1.234375,0.0,0.026041666666666668,0.0,0.0,0.0,0.0,0.0,inf,inf,0.0,1.0,0.0,1.0,0.0,1.0
FC,352,Mirex,384,384,0,384,0,0,0,0,0.0,2.0,2.0,0.0,0.0,0.0,0.0,0.0,0.0,0.0,2.0,2.0,0.0,0.0,0.0,0.0,0.0,0.0,0.0,2.0,2.0,0.0,0.0,0.0,0.0,0.0,0.0,0.0,inf,inf,0.0,1.0,0.0,1.0,0.0,1.0
FC,382,1-Naphthol,384,384,0,384,0,0,0,0,0.0,6.0,6.0,0.0,1.0,0.0,0.0,0.0,0.0,0.0,6.0,6.0,0.0,1.0,0.0,0.0,0.0,0.0,0.0,6.0,6.0,0.0,1.0,0.0,0.0,0.0,0.0,0.0,inf,inf,0.0,1.0,0.0,1.0,0.0,1.0
FC,391,Fenitrothion,384,384,0,384,0,0,0,0,0.0,1.0,1.0,0.0,0.0,0.0,0.0,0.0,0.0,0.0,1.0,1.0,0.0,0.0,0.0,0.0,0.0,0.0,0.0,1.0,1.0,0.0,0.0,0.0,0.0,0.0,0.0,0.0,inf,inf,0.0,1.0,0.0,1.0,0.0,1.0
FC,512,3-Hydroxycarbofuran,384,384,0,384,0,0,0,0,0.0,4.0,4.0,0.0,1.0,0.0,0.0,0.0,0.0,0.0,4.0,4.0,0.0,1.0,0.0,0.0,0.0,0.0,0.0,4.0,4.0,0.0,1.0,0.0,0.0,0.0,0.0,0.0,inf,inf,0.0,1.0,0.0,1.0,0.0,1.0
FC,529,Vinclozolin,384,384,0,384,0,0,0,0,0.0,1.0,1.0,0.0,0.0,0.0,0.0,0.0,0.0,0.0,1.0,1.0,0.0,0.0,0.0,0.0,0.0,0.0,0.0,1.0,1.0,0.0,0.0,0.0,0.0,0.0,0.0,0.0,inf,inf,0.0,1.0,0.0,1.0,0.0,1.0
FC,537,Oxamyl,384,384,0,384,0,0,0,0,0.0,6.0,6.0,0.0,1.0,0.0,0.0,0.0,0.0,0.0,6.0,6.0,0.0,1.0,0.0,0.0,0.0,0.0,0.0,6.0,6.0,0.0,1.0,0.0,0.0,0.0,0.0,0.0,inf,inf,0.0,1.0,0.0,1.0,0.0,1.0
FC,539,Permethrin Total,384,0,384,0,0,0,0,0,,,,,,,,,,,,,,,,,,,,,,,,,,,,,,,,,,,,
FC,540,Pronamide,384,384,0,384,0,0,0,0,0.0,1.0,1.0,0.0,0.0,0.0,0.0,0.0,0.0,0.0,1.0,1.0,0.0,0.0,0.0,0.0,0.0,0.0,0.0,1.0,1.0,0.0,0.0,0.0,0.0,0.0,0.0,0.0,inf,inf,0.0,1.0,0.0,1.0,0.0,1.0
FC,556,Resmethrin,224,224,0,224,0,0,0,0,0.0,8.0,8.0,0.0,1.0,0.0,0.0,0.0,0.0,0.0,8.0,8.0,0.0,1.0,0.0,0.0,0.0,0.0,0.0,8.0,8.0,0.0,1.0,0.0,0.0,0.0,0.0,0.0,inf,inf,0.0,1.0,0.0,1.0,0.0,1.0
FC,562,Pirimiphos methyl,384,0,384,0,0,0,0,0,,,,,,,,,,,,,,,,,,,,,,,,,,,,,,,,,,,,
FC,596,Norflurazon,384,384,0,384,0,0,0,0,0.0,2.0,2.0,0.0,0.0,0.0,0.0,0.0,0.0,0.0,2.0,2.0,0.0,0.0,0.0,0.0,0.0,0.0,0.0,2.0,2.0,0.0,0.0,0.0,0.0,0.0,0.0,0.0,inf,inf,0.0,1.0,0.0,1.0,0.0,1.0
FC,597,Cypermethrin,384,384,0,378,6,0,0,0,0.06874999999999999,1.0531249999999999,0.9843749999999999,0.010416666666666666,0.010416666666666666,0.0026041666666666665,0.0026041666666666665,0.0,0.0,0.0390625,1.375,1.3359375,0.0026041666666666665,0.015625,0.0,0.0026041666666666665,0.0,0.0026041666666666665,0.026041666666666668,3.71875,3.6927083333333335,0.0026041666666666665,0.015625,0.0,0.0026041666666666665,0.0,0.0026041666666666665,0.0,inf,inf,0.0,1.0,0.0,1.0,0.0,1.0
FC,607,Metalaxyl,384,384,0,384,0,0,0,0,0.0,2.0,2.0,0.0,0.0,0.0,0.0,0.0,0.0,0.0,2.0,2.0,0.0,0.0,0.0,0.0,0.0,0.0,0.0,2.0,2.0,0.0,0.0,0.0,0.0,0.0,0.0,0.0,inf,inf,0.0,1.0,0.0,1.0,0.0,1.0
FC,608,Triadimefon,384,0,384,0,0,0,0,0,,,,,,,,,,,,,,,,,,,,,,,,,,,,,,,,,,,,
FC,609,Sulprofos,384,384,0,384,0,0,0,0,0.0,8.0,8.0,0.0,1.0,0.0,0.0,0.0,0.0,0.0,8.0,8.0,0.0,1.0,0.0,0.0,0.0,0.0,0.0,8.0,8.0,0.0,1.0,0.0,0.0,0.0,0.0,0.0,inf,inf,0.0,1.0,0.0,1.0,0.0,1.0
FC,612,Deltamethrin (includes parent Tralomethrin),384,384,0,383,1,0,0,0,0.030729166666666665,10.004687500000001,9.973958333333334,0.0026041666666666665,1.0,0.0026041666666666665,0.0026041666666666665,0.0,0.0,0.026041666666666668,10.234375,10.208333333333334,0.0026041666666666665,1.0,0.0,0.0026041666666666665,0.0,0.0026041666666666665,0.026041666666666668,12.578125,12.552083333333334,0.0026041666666666665,1.0,0.0,0.0026041666666666665,0.0,0.0026041666666666665,0.0,inf,inf,0.0,1.0,0.0,1.0,0.0,1.0
FC,621,Tri Allate,384,384,0,384,0,0,0,0,0.0,6.0,6.0,0.0,1.0,0.0,0.0,0.0,0.0,0.0,6.0,6.0,0.0,1.0,0.0,0.0,0.0,0.0,0.0,6.0,6.0,0.0,1.0,0.0,0.0,0.0,0.0,0.0,inf,inf,0.0,1.0,0.0,1.0,0.0,1.0
FC,623,Propargite,363,363,0,363,0,0,0,0,0.0,10.0,10.0,0.0,1.0,0.0,0.0,0.0,0.0,0.0,10.0,10.0,0.0,1.0,0.0,0.0,0.0,0.0,0.0,10.0,10.0,0.0,1.0,0.0,0.0,0.0,0.0,0.0,inf,inf,0.0,1.0,0.0,1.0,0.0,1.0
FC,624,Tetrahydrophthalimide (THPI),384,384,0,384,0,0,0,0,0.0,24.0,24.0,0.0,1.0,0.0,1.0,0.0,1.0,0.0,24.0,24.0,0.0,1.0,0.0,1.0,0.0,1.0,0.0,24.0,24.0,0.0,1.0,0.0,1.0,0.0,1.0,0.0,inf,inf,0.0,1.0,0.0,1.0,0.0,1.0
FC,625,Oxadiazon,384,384,0,381,3,0,0,0,0.023697916666666666,2.008072916666667,1.9843750000000002,0.0078125,0.0078125,0.0,0.0,0.0,0.0,0.0078125,2.0625,2.0546875,0.0,0.0078125,0.0,0.0,0.0,0.0,0.0,2.0625,2.0625,0.0,0.0078125,0.0,0.0,0.0,0.0,0.0,inf,inf,0.0,1.0,0.0,1.0,0.0,1.0
FC,626,Iprodione,384,384,0,384,0,0,0,0,0.0,5.0,5.0,0.0,1.0,0.0,0.0,0.0,0.0,0.0,5.0,5.0,0.0,1.0,0.0,0.0,0.0,0.0,0.0,5.0,5.0,0.0,1.0,0.0,0.0,0.0,0.0,0.0,inf,inf,0.0,1.0,0.0,1.0,0.0,1.0
FC,636,Propetamphos,384,384,0,383,1,0,0,0,0.02942708333333333,10.003385416666667,9.973958333333334,0.0026041666666666665,1.0,0.0026041666666666665,0.0026041666666666665,0.0,0.0,0.026041666666666668,10.234375,10.208333333333334,0.0026041666666666665,1.0,0.0,0.0026041666666666665,0.0,0.0026041666666666665,0.026041666666666668,12.578125,12.552083333333334,0.0026041666666666665,1.0,0.0,0.0026041666666666665,0.0,0.0026041666666666665,0.0,inf,inf,0.0,1.0,0.0,1.0,0.0,1.0
FC,651,Diflubenzuron,384,384,0,384,0,0,0,0,0.0,13.0,13.0,0.0,1.0,0.0,1.0,0.0,0.0,0.0,13.0,13.0,0.0,1.0,0.0,1.0,0.0,0.0,0.0,13.0,13.0,0.0,1.0,0.0,1.0,0.0,0.0,0.0,inf,inf,0.0,1.0,0.0,1.0,0.0,1.0
FC,668,Chloroxuron,384,384,0,384,0,0,0,0,0.0,8.0,8.0,0.0,1.0,0.0,0.0,0.0,0.0,0.0,8.0,8.0,0.0,1.0,0.0,0.0,0.0,0.0,0.0,8.0,8.0,0.0,1.0,0.0,0.0,0.0,0.0,0.0,inf,inf,0.0,1.0,0.0,1.0,0.0,1.0
FC,675,Propachlor,384,384,0,384,0,0,0,0,0.0,12.0,12.0,0.0,1.0,0.0,1.0,0.0,0.0,0.0,12.0,12.0,0.0,1.0,0.0,1.0,0.0,0.0,0.0,12.0,12.0,0.0,1.0,0.0,1.0,0.0,0.0,0.0,inf,inf,0.0,1.0,0.0,1.0,0.0,1.0
FC,679,Myclobutanil,384,384,0,384,0,0,0,0,0.0,10.0,10.0,0.0,1.0,0.0,0.0,0.0,0.0,0.0,10.0,10.0,0.0,1.0,0.0,0.0,0.0,0.0,0.0,10.0,10.0,0.0,1.0,0.0,0.0,0.0,0.0,0.0,inf,inf,0.0,1.0,0.0,1.0,0.0,1.0
FC,699,Clofentezine,384,384,0,384,0,0,0,0,0.0,6.0,6.0,0.0,1.0,0.0,0.0,0.0,0.0,0.0,6.0,6.0,0.0,1.0,0.0,0.0,0.0,0.0,0.0,6.0,6.0,0.0,1.0,0.0,0.0,0.0,0.0,0.0,inf,inf,0.0,1.0,0.0,1.0,0.0,1.0
FC,713,Oxyfluorfen,384,0,384,0,0,0,0,0,,,,,,,,,,,,,,,,,,,,,,,,,,,,,,,,,,,,
FC,719,Clomazone,384,384,0,384,0,0,0,0,0.0,3.0,3.0,0.0,1.0,0.0,0.0,0.0,0.0,0.0,3.0,3.0,0.0,1.0,0.0,0.0,0.0,0.0,0.0,3.0,3.0,0.0,1.0,0.0,0.0,0.0,0.0,0.0,inf,inf,0.0,1.0,0.0,1.0,0.0,1.0
FC,721,Ethalfluralin,384,384,0,384,0,0,0,0,0.0,1.0,1.0,0.0,0.0,0.0,0.0,0.0,0.0,0.0,1.0,1.0,0.0,0.0,0.0,0.0,0.0,0.0,0.0,1.0,1.0,0.0,0.0,0.0,0.0,0.0,0.0,0.0,inf,inf,0.0,1.0,0.0,1.0,0.0,1.0
FC,722,Etridiazole,384,384,0,384,0,0,0,0,0.0,6.0,6.0,0.0,1.0,0.0,0.0,0.0,0.0,0.0,6.0,6.0,0.0,1.0,0.0,0.0,0.0,0.0,0.0,6.0,6.0,0.0,1.0,0.0,0.0,0.0,0.0,0.0,inf,inf,0.0,1.0,0.0,1.0,0.0,1.0
FC,726,Thiobencarb,364,364,0,364,0,0,0,0,0.0,20.0,20.0,0.0,1.0,0.0,1.0,0.0,0.0,0.0,20.0,20.0,0.0,1.0,0.0,1.0,0.0,0.0,0.0,20.0,20.0,0.0,1.0,0.0,1.0,0.0,0.0,0.0,inf,inf,0.0,1.0,0.0,1.0,0.0,1.0
FC,728,Bifenox,344,344,0,344,0,0,0,0,0.0,12.0,12.0,0.0,1.0,0.0,1.0,0.0,0.0,0.0,12.0,12.0,0.0,1.0,0.0,1.0,0.0,0.0,0.0,12.0,12.0,0.0,1.0,0.0,1.0,0.0,0.0,0.0,inf,inf,0.0,1.0,0.0,1.0,0.0,1.0
FC,736,Fluridone,384,384,0,384,0,0,0,0,0.0,10.0,10.0,0.0,1.0,0.0,0.0,0.0,0.0,0.0,10.0,10.0,0.0,1.0,0.0,0.0,0.0,0.0,0.0,10.0,10.0,0.0,1.0,0.0,0.0,0.0,0.0,0.0,inf,inf,0.0,1.0,0.0,1.0,0.0,1.0
FC,749,Temephos,384,384,0,384,0,0,0,0,0.0,4.0,4.0,0.0,1.0,0.0,0.0,0.0,0.0,0.0,4.0,4.0,0.0,1.0,0.0,0.0,0.0,0.0,0.0,4.0,4.0,0.0,1.0,0.0,0.0,0.0,0.0,0.0,inf,inf,0.0,1.0,0.0,1.0,0.0,1.0
FC,775,Dinitramine,384,384,0,384,0,0,0,0,0.0,1.0,1.0,0.0,0.0,0.0,0.0,0.0,0.0,0.0,1.0,1.0,0.0,0.0,0.0,0.0,0.0,0.0,0.0,1.0,1.0,0.0,0.0,0.0,0.0,0.0,0.0,0.0,inf,inf,0.0,1.0,0.0,1.0,0.0,1.0
FC,777,Fenoxaprop ethyl,384,384,0,384,0,0,0,0,0.0,4.0,4.0,0.0,1.0,0.0,0.0,0.0,0.0,0.0,4.0,4.0,0.0,1.0,0.0,0.0,0.0,0.0,0.0,4.0,4.0,0.0,1.0,0.0,0.0,0.0,0.0,0.0,inf,inf,0.0,1.0,0.0,1.0,0.0,1.0
FC,780,Tebuthiuron,384,384,0,384,0,0,0,0,0.0,2.0,2.0,0.0,0.0,0.0,0.0,0.0,0.0,0.0,2.0,2.0,0.0,0.0,0.0,0.0,0.0,0.0,0.0,2.0,2.0,0.0,0.0,0.0,0.0,0.0,0.0,0.0,inf,inf,0.0,1.0,0.0,1.0,0.0,1.0
FC,781,Cyfluthrin,384,384,0,384,0,0,0,0,0.0,1.0,1.0,0.0,0.0,0.0,0.0,0.0,0.0,0.0,1.0,1.0,0.0,0.0,0.0,0.0,0.0,0.0,0.0,1.0,1.0,0.0,0.0,0.0,0.0,0.0,0.0,0.0,inf,inf,0.0,1.0,0.0,1.0,0.0,1.0
FC,783,Butylate,384,384,0,384,0,0,0,0,0.0,4.0,4.0,0.0,1.0,0.0,0.0,0.0,0.0,0.0,4.0,4.0,0.0,1.0,0.0,0.0,0.0,0.0,0.0,4.0,4.0,0.0,1.0,0.0,0.0,0.0,0.0,0.0,inf,inf,0.0,1.0,0.0,1.0,0.0,1.0
FC,791,Phenmedipham,384,384,0,384,0,0,0,0,0.0,13.0,13.0,0.0,1.0,0.0,1.0,0.0,0.0,0.0,13.0,13.0,0.0,1.0,0.0,1.0,0.0,0.0,0.0,13.0,13.0,0.0,1.0,0.0,1.0,0.0,0.0,0.0,inf,inf,0.0,1.0,0.0,1.0,0.0,1.0
FC,796,Tridiphane,384,384,0,384,0,0,0,0,0.0,12.0,12.0,0.0,1.0,0.0,1.0,0.0,0.0,0.0,12.0,12.0,0.0,1.0,0.0,1.0,0.0,0.0,0.0,12.0,12.0,0.0,1.0,0.0,1.0,0.0,0.0,0.0,inf,inf,0.0,1.0,0.0,1.0,0.0,1.0
FC,807,Acetochlor,384,384,0,383,1,0,0,0,0.022395833333333334,6.006770833333333,5.984375,0.0026041666666666665,1.0,0.0,0.0,0.0,0.0,0.0026041666666666665,6.010416666666667,6.0078125,0.0,1.0,0.0,0.0,0.0,0.0,0.0,6.010416666666667,6.010416666666667,0.0,1.0,0.0,0.0,0.0,0.0,0.0,inf,inf,0.0,1.0,0.0,1.0,0.0,1.0
FC,808,Fenpropathrin,363,363,0,363,0,0,0,0,0.0,20.0,20.0,0.0,1.0,0.0,1.0,0.0,0.0,0.0,20.0,20.0,0.0,1.0,0.0,1.0,0.0,0.0,0.0,20.0,20.0,0.0,1.0,0.0,1.0,0.0,0.0,0.0,inf,inf,0.0,1.0,0.0,1.0,0.0,1.0
FC,811,Fenoxycarb,363,363,0,363,0,0,0,0,0.0,10.0,10.0,0.0,1.0,0.0,0.0,0.0,0.0,0.0,10.0,10.0,0.0,1.0,0.0,0.0,0.0,0.0,0.0,10.0,10.0,0.0,1.0,0.0,0.0,0.0,0.0,0.0,inf,inf,0.0,1.0,0.0,1.0,0.0,1.0
FC,814,Prodiamine,384,384,0,384,0,0,0,0,0.0,3.0,3.0,0.0,1.0,0.0,0.0,0.0,0.0,0.0,3.0,3.0,0.0,1.0,0.0,0.0,0.0,0.0,0.0,3.0,3.0,0.0,1.0,0.0,0.0,0.0,0.0,0.0,inf,inf,0.0,1.0,0.0,1.0,0.0,1.0
FC,834,Flumetralin,384,384,0,384,0,0,0,0,0.0,1.0,1.0,0.0,0.0,0.0,0.0,0.0,0.0,0.0,1.0,1.0,0.0,0.0,0.0,0.0,0.0,0.0,0.0,1.0,1.0,0.0,0.0,0.0,0.0,0.0,0.0,0.0,inf,inf,0.0,1.0,0.0,1.0,0.0,1.0
FC,848,Phenothrin,324,324,0,324,0,0,0,0,0.0,12.0,12.0,0.0,1.0,0.0,1.0,0.0,0.0,0.0,12.0,12.0,0.0,1.0,0.0,1.0,0.0,0.0,0.0,12.0,12.0,0.0,1.0,0.0,1.0,0.0,0.0,0.0,inf,inf,0.0,1.0,0.0,1.0,0.0,1.0
FC,900,Endosulfan I,384,384,0,383,1,0,0,0,0.0031249999999999997,1.0005208333333333,0.9973958333333333,0.0,0.0,0.0,0.0,0.0,0.0,0.0026041666666666665,1.0234375,1.0208333333333333,0.0,0.0026041666666666665,0.0,0.0,0.0,0.0,0.0,1.0234375,1.0234375,0.0,0.0026041666666666665,0.0,0.0,0.0,0.0,0.0,inf,inf,0.0,1.0,0.0,1.0,0.0,1.0
FC,901,Endosulfan II,384,384,0,384,0,0,0,0,0.0,1.0,1.0,0.0,0.0,0.0,0.0,0.0,0.0,0.0,1.0,1.0,0.0,0.0,0.0,0.0,0.0,0.0,0.0,1.0,1.0,0.0,0.0,0.0,0.0,0.0,0.0,0.0,inf,inf,0.0,1.0,0.0,1.0,0.0,1.0
FC,902,Endosulfan sulfate,384,384,0,354,30,0,0,0,0.41901041666666666,1.3408854166666666,0.921875,0.0390625,0.0390625,0.013020833333333334,0.013020833333333334,0.0078125,0.0078125,0.1953125,2.875,2.6796875,0.013020833333333334,0.078125,0.0,0.013020833333333334,0.0,0.013020833333333334,0.13020833333333334,14.59375,14.463541666666666,0.013020833333333334,0.078125,0.0,0.013020833333333334,0.0,0.013020833333333334,0.0,inf,inf,0.0,1.0,0.0,1.0,0.0,1.0
FC,903,BHC alpha,384,384,0,375,9,0,0,0,0.09479166666666666,1.0713541666666666,0.9765625,0.013020833333333334,0.013020833333333334,0.0,0.0,0.0,0.0,0.0234375,1.2109375,1.1875,0.0,0.0234375,0.0,0.0,0.0,0.0,0.0,1.2109375,1.2109375,0.0,0.0234375,0.0,0.0,0.0,0.0,0.0,inf,inf,0.0,1.0,0.0,1.0,0.0,1.0
FC,904,BHC beta,384,384,0,383,1,0,0,0,0.01875,5.005729166666667,4.986979166666667,0.0026041666666666665,1.0,0.0,0.0,0.0,0.0,0.0026041666666666665,5.013020833333333,5.010416666666666,0.0,1.0,0.0,0.0,0.0,0.0,0.0,5.013020833333333,5.013020833333333,0.0,1.0,0.0,0.0,0.0,0.0,0.0,inf,inf,0.0,1.0,0.0,1.0,0.0,1.0
FC,905,BHC delta,384,384,0,380,4,0,0,0,0.049479166666666664,1.0390625,0.9895833333333334,0.010416666666666666,0.010416666666666666,0.0,0.0,0.0,0.0,0.010416666666666666,1.09375,1.0833333333333333,0.0,0.010416666666666666,0.0,0.0,0.0,0.0,0.0,1.09375,1.09375,0.0,0.010416666666666666,0.0,0.0,0.0,0.0,0.0,inf,inf,0.0,1.0,0.0,1.0,0.0,1.0
FC,906,"DDT p,p'",324,324,0,324,0,0,0,0,0.0,4.0,4.0,0.0,1.0,0.0,0.0,0.0,0.0,0.0,4.0,4.0,0.0,1.0,0.0,0.0,0.0,0.0,0.0,4.0,4.0,0.0,1.0,0.0,0.0,0.0,0.0,0.0,inf,inf,0.0,1.0,0.0,1.0,0.0,1.0
FC,908,"DDD p,p'",384,384,0,280,103,0,1,0,5.513541666666666,6.971875,1.458333333333334,0.2708333333333333,0.2708333333333333,0.11458333333333333,0.11458333333333333,0.06770833333333333,0.06770833333333333,2.2395833333333335,23.854166666666668,21.614583333333336,0.11458333333333333,0.2708333333333333,0.010416666666666666,0.11458333333333333,0.010416666666666666,0.11458333333333333,1.1458333333333333,117.60416666666667,116.45833333333334,0.11458333333333333,0.2708333333333333,0.0,0.11458333333333333,0.0,0.11458333333333333,0.0,inf,inf,0.0,1.0,0.0,1.0,0.0,1.0
FC,909,"DDD o,p'",244,244,0,243,1,0,0,0,0.24918032786885244,2.2409836065573767,1.9918032786885242,0.004098360655737705,0.004098360655737705,0.004098360655737705,0.004098360655737705,0.004098360655737705,0.004098360655737705,0.040983606557377046,2.401639344262295,2.360655737704918,0.004098360655737705,0.004098360655737705,0.0,0.004098360655737705,0.0,0.004098360655737705,0.040983606557377046,6.090163934426229,6.049180327868852,0.004098360655737705,0.004098360655737705,0.0,0.004098360655737705,0.0,0.004098360655737705,0.0,inf,inf,0.0,1.0,0.0,1.0,0.0,1.0
FC,910,"DDE p,p'",384,384,0,131,252,0,1,0,23.742708333333336,24.425,0.6822916666666643,0.65625,0.65625,0.3125,0.3125,0.18489583333333334,0.18489583333333334,9.330729166666666,inf,inf,0.3125,0.6588541666666666,0.0390625,0.3125,0.0390625,0.3125,5.703125,inf,inf,0.3125,0.6588541666666666,0.0026041666666666665,0.3125,0.0026041666666666665,0.3125,0.0,inf,inf,0.0,1.0,0.0,1.0,0.0,1.0
FC,911,"DDE o,p'",384,384,0,380,4,0,0,0,0.029427083333333336,2.0085937499999997,1.9791666666666663,0.010416666666666666,0.010416666666666666,0.0,0.0,0.0,0.0,0.010416666666666666,2.0833333333333335,2.072916666666667,0.0,0.010416666666666666,0.0,0.0,0.0,0.0,0.0,2.0833333333333335,2.0833333333333335,0.0,0.010416666666666666,0.0,0.0,0.0,0.0,0.0,inf,inf,0.0,1.0,0.0,1.0,0.0,1.0
FC,930,Bifenthrin,384,384,0,254,129,0,1,0,1.06640625,1.7278645833333333,0.6614583333333333,0.2109375,0.2109375,0.0026041666666666665,0.0026041666666666665,0.0026041666666666665,0.0026041666666666665,0.3619791666666667,4.28125,3.9192708333333335,0.0026041666666666665,0.3385416666666667,0.0,0.0026041666666666665,0.0,0.0026041666666666665,0.026041666666666668,6.625,6.598958333333333,0.0026041666666666665,0.3385416666666667,0.0,0.0026041666666666665,0.0,0.0026041666666666665,0.0,inf,inf,0.0,1.0,0.0,1.0,0.0,1.0
FC,943,Thiodicarb,384,384,0,384,0,0,0,0,0.0,50.0,50.0,0.0,1.0,0.0,1.0,0.0,1.0,0.0,50.0,50.0,0.0,1.0,0.0,1.0,0.0,1.0,0.0,50.0,50.0,0.0,1.0,0.0,1.0,0.0,1.0,0.0,inf,inf,0.0,1.0,0.0,1.0,0.0,1.0
FC,945,Ethofumesate,384,384,0,384,0,0,0,0,0.0,4.0,4.0,0.0,1.0,0.0,0.0,0.0,0.0,0.0,4.0,4.0,0.0,1.0,0.0,0.0,0.0,0.0,0.0,4.0,4.0,0.0,1.0,0.0,0.0,0.0,0.0,0.0,inf,inf,0.0,1.0,0.0,1.0,0.0,1.0
FC,946,Isopropalin,384,384,0,384,0,0,0,0,0.0,10.0,10.0,0.0,1.0,0.0,0.0,0.0,0.0,0.0,10.0,10.0,0.0,1.0,0.0,0.0,0.0,0.0,0.0,10.0,10.0,0.0,1.0,0.0,0.0,0.0,0.0,0.0,inf,inf,0.0,1.0,0.0,1.0,0.0,1.0
FC,947,Tetramethrin,384,384,0,384,0,0,0,0,0.0,3.0,3.0,0.0,1.0,0.0,0.0,0.0,0.0,0.0,3.0,3.0,0.0,1.0,0.0,0.0,0.0,0.0,0.0,3.0,3.0,0.0,1.0,0.0,0.0,0.0,0.0,0.0,inf,inf,0.0,1.0,0.0,1.0,0.0,1.0
FC,960,Butralin,384,384,0,384,0,0,0,0,0.0,6.0,6.0,0.0,1.0,0.0,0.0,0.0,0.0,0.0,6.0,6.0,0.0,1.0,0.0,0.0,0.0,0.0,0.0,6.0,6.0,0.0,1.0,0.0,0.0,0.0,0.0,0.0,inf,inf,0.0,1.0,0.0,1.0,0.0,1.0
FC,967,Imidacloprid,384,384,0,384,0,0,0,0,0.0,10.0,10.0,0.0,1.0,0.0,0.0,0.0,0.0,0.0,10.0,10.0,0.0,1.0,0.0,0.0,0.0,0.0,0.0,10.0,10.0,0.0,1.0,0.0,0.0,0.0,0.0,0.0,inf,inf,0.0,1.0,0.0,1.0,0.0,1.0
FC,A15,Chlorethoxyfos,384,384,0,384,0,0,0,0,0.0,1.0,1.0,0.0,0.0,0.0,0.0,0.0,0.0,0.0,1.0,1.0,0.0,0.0,0.0,0.0,0.0,0.0,0.0,1.0,1.0,0.0,0.0,0.0,0.0,0.0,0.0,0.0,inf,inf,0.0,1.0,0.0,1.0,0.0,1.0
FC,A30,Fenbuconazole,384,384,0,384,0,0,0,0,0.0,4.0,4.0,0.0,1.0,0.0,0.0,0.0,0.0,0.0,4.0,4.0,0.0,1.0,0.0,0.0,0.0,0.0,0.0,4.0,4.0,0.0,1.0,0.0,0.0,0.0,0.0,0.0,inf,inf,0.0,1.0,0.0,1.0,0.0,1.0
FC,A38,Lactofen,364,364,0,364,0,0,0,0,0.0,6.0,6.0,0.0,1.0,0.0,0.0,0.0,0.0,0.0,6.0,6.0,0.0,1.0,0.0,0.0,0.0,0.0,0.0,6.0,6.0,0.0,1.0,0.0,0.0,0.0,0.0,0.0,inf,inf,0.0,1.0,0.0,1.0,0.0,1.0
FC,A47,Oxamyl oxime,384,384,0,384,0,0,0,0,0.0,16.0,16.0,0.0,1.0,0.0,1.0,0.0,0.0,0.0,16.0,16.0,0.0,1.0,0.0,1.0,0.0,0.0,0.0,16.0,16.0,0.0,1.0,0.0,1.0,0.0,0.0,0.0,inf,inf,0.0,1.0,0.0,1.0,0.0,1.0
FC,A59,Tebupirimfos,384,384,0,384,0,0,0,0,0.0,3.0,3.0,0.0,1.0,0.0,0.0,0.0,0.0,0.0,3.0,3.0,0.0,1.0,0.0,0.0,0.0,0.0,0.0,3.0,3.0,0.0,1.0,0.0,0.0,0.0,0.0,0.0,inf,inf,0.0,1.0,0.0,1.0,0.0,1.0
FC,A82,Fipronil,384,384,0,384,0,0,0,0,0.0,9.0,9.0,0.0,1.0,0.0,0.0,0.0,0.0,0.0,9.0,9.0,0.0,1.0,0.0,0.0,0.0,0.0,0.0,9.0,9.0,0.0,1.0,0.0,0.0,0.0,0.0,0.0,inf,inf,0.0,1.0,0.0,1.0,0.0,1.0
FC,AAV,Flumiclorac pentyl,384,384,0,384,0,0,0,0,0.0,6.0,6.0,0.0,1.0,0.0,0.0,0.0,0.0,0.0,6.0,6.0,0.0,1.0,0.0,0.0,0.0,0.0,0.0,6.0,6.0,0.0,1.0,0.0,0.0,0.0,0.0,0.0,inf,inf,0.0,1.0,0.0,1.0,0.0,1.0
FC,ABG,Tebufenozide,384,384,0,384,0,0,0,0,0.0,25.0,25.0,0.0,1.0,0.0,1.0,0.0,1.0,0.0,25.0,25.0,0.0,1.0,0.0,1.0,0.0,1.0,0.0,25.0,25.0,0.0,1.0,0.0,1.0,0.0,1.0,0.0,inf,inf,0.0,1.0,0.0,1.0,0.0,1.0
FC,ADC,Prallethrin,384,384,0,384,0,0,0,0,0.0,2.0,2.0,0.0,0.0,0.0,0.0,0.0,0.0,0.0,2.0,2.0,0.0,0.0,0.0,0.0,0.0,0.0,0.0,2.0,2.0,0.0,0.0,0.0,0.0,0.0,0.0,0.0,inf,inf,0.0,1.0,0.0,1.0,0.0,1.0
FC,ADD,Dimethenamid,384,384,0,384,0,0,0,0,0.0,6.0,6.0,0.0,1.0,0.0,0.0,0.0,0.0,0.0,6.0,6.0,0.0,1.0,0.0,0.0,0.0,0.0,0.0,6.0,6.0,0.0,1.0,0.0,0.0,0.0,0.0,0.0,inf,inf,0.0,1.0,0.0,1.0,0.0,1.0
FC,ADE,Esfenvalerate+Fenvalerate Total,384,384,0,380,4,0,0,0,0.08411458333333333,1.0736979166666667,0.9895833333333334,0.0078125,0.0078125,0.0026041666666666665,0.0026041666666666665,0.0026041666666666665,0.0026041666666666665,0.033854166666666664,1.328125,1.2942708333333333,0.0026041666666666665,0.010416666666666666,0.0,0.0026041666666666665,0.0,0.0026041666666666665,0.026041666666666668,3.671875,3.6458333333333335,0.0026041666666666665,0.010416666666666666,0.0,0.0026041666666666665,0.0,0.0026041666666666665,0.0,inf,inf,0.0,1.0,0.0,1.0,0.0,1.0
FC,ADG,Indoxacarb,384,384,0,384,0,0,0,0,0.0,13.0,13.0,0.0,1.0,0.0,1.0,0.0,0.0,0.0,13.0,13.0,0.0,1.0,0.0,1.0,0.0,0.0,0.0,13.0,13.0,0.0,1.0,0.0,1.0,0.0,0.0,0.0,inf,inf,0.0,1.0,0.0,1.0,0.0,1.0
FC,ADH,Cyphenothrin,384,384,0,383,1,0,0,0,0.265625,20.213541666666668,19.947916666666668,0.0026041666666666665,1.0,0.0026041666666666665,1.0,0.0026041666666666665,0.0026041666666666665,0.2604166666666667,22.552083333333332,22.291666666666664,0.0026041666666666665,1.0,0.0026041666666666665,1.0,0.0026041666666666665,0.0026041666666666665,0.026041666666666668,22.552083333333332,22.526041666666664,0.0026041666666666665,1.0,0.0,1.0,0.0,0.0026041666666666665,0.0,inf,inf,0.0,1.0,0.0,1.0,0.0,1.0
FC,ADJ,Fluroxypyr 1-methylheptyl ester,384,384,0,384,0,0,0,0,0.0,1.0,1.0,0.0,0.0,0.0,0.0,0.0,0.0,0.0,1.0,1.0,0.0,0.0,0.0,0.0,0.0,0.0,0.0,1.0,1.0,0.0,0.0,0.0,0.0,0.0,0.0,0.0,inf,inf,0.0,1.0,0.0,1.0,0.0,1.0
FC,ADK,Imiprothrin,363,363,0,363,0,0,0,0,0.0,30.0,30.0,0.0,1.0,0.0,1.0,0.0,1.0,0.0,30.0,30.0,0.0,1.0,0.0,1.0,0.0,1.0,0.0,30.0,30.0,0.0,1.0,0.0,1.0,0.0,1.0,0.0,inf,inf,0.0,1.0,0.0,1.0,0.0,1.0
FC,ADL,MGK-326 (dipropyl isocinchomeronate),384,384,0,384,0,0,0,0,0.0,6.0,6.0,0.0,1.0,0.0,0.0,0.0,0.0,0.0,6.0,6.0,0.0,1.0,0.0,0.0,0.0,0.0,0.0,6.0,6.0,0.0,1.0,0.0,0.0,0.0,0.0,0.0,inf,inf,0.0,1.0,0.0,1.0,0.0,1.0
FC,ADR,Triticonazole,264,0,264,0,0,0,0,0,,,,,,,,,,,,,,,,,,,,,,,,,,,,,,,,,,,,
FC,AEC,Hydroprene,384,384,0,384,0,0,0,0,0.0,12.0,12.0,0.0,1.0,0.0,1.0,0.0,0.0,0.0,12.0,12.0,0.0,1.0,0.0,1.0,0.0,0.0,0.0,12.0,12.0,0.0,1.0,0.0,1.0,0.0,0.0,0.0,inf,inf,0.0,1.0,0.0,1.0,0.0,1.0
FC,AEL,"Cyhalothrin, Total (Cyhalothrin-L + R157836 epimer)",384,384,0,382,2,0,0,0,0.010937500000000001,1.0057291666666666,0.9947916666666665,0.0026041666666666665,0.0026041666666666665,0.0,0.0,0.0,0.0,0.005208333333333333,1.046875,1.0416666666666667,0.0,0.005208333333333333,0.0,0.0,0.0,0.0,0.0,1.046875,1.046875,0.0,0.005208333333333333,0.0,0.0,0.0,0.0,0.0,inf,inf,0.0,1.0,0.0,1.0,0.0,1.0
FC,AEP,Clothianidin,384,384,0,384,0,0,0,0,0.0,10.0,10.0,0.0,1.0,0.0,0.0,0.0,0.0,0.0,10.0,10.0,0.0,1.0,0.0,0.0,0.0,0.0,0.0,10.0,10.0,0.0,1.0,0.0,0.0,0.0,0.0,0.0,inf,inf,0.0,1.0,0.0,1.0,0.0,1.0
FC,AES,Methoxyfenozide,384,384,0,384,0,0,0,0,0.0,2.0,2.0,0.0,0.0,0.0,0.0,0.0,0.0,0.0,2.0,2.0,0.0,0.0,0.0,0.0,0.0,0.0,0.0,2.0,2.0,0.0,0.0,0.0,0.0,0.0,0.0,0.0,inf,inf,0.0,1.0,0.0,1.0,0.0,1.0
FC,AEV,Sethoxydim,384,384,0,384,0,0,0,0,0.0,2.0,2.0,0.0,0.0,0.0,0.0,0.0,0.0,0.0,2.0,2.0,0.0,0.0,0.0,0.0,0.0,0.0,0.0,2.0,2.0,0.0,0.0,0.0,0.0,0.0,0.0,0.0,inf,inf,0.0,1.0,0.0,1.0,0.0,1.0
FC,AEW,Famoxadone,384,384,0,384,0,0,0,0,0.0,20.0,20.0,0.0,1.0,0.0,1.0,0.0,0.0,0.0,20.0,20.0,0.0,1.0,0.0,1.0,0.0,0.0,0.0,20.0,20.0,0.0,1.0,0.0,1.0,0.0,0.0,0.0,inf,inf,0.0,1.0,0.0,1.0,0.0,1.0
FC,AFO,Dinotefuran,384,0,384,0,0,0,0,0,,,,,,,,,,,,,,,,,,,,,,,,,,,,,,,,,,,,
FC,AFS,Fenpyroximate,384,384,0,384,0,0,0,0,0.0,2.0,2.0,0.0,0.0,0.0,0.0,0.0,0.0,0.0,2.0,2.0,0.0,0.0,0.0,0.0,0.0,0.0,0.0,2.0,2.0,0.0,0.0,0.0,0.0,0.0,0.0,0.0,inf,inf,0.0,1.0,0.0,1.0,0.0,1.0
FC,AFW,Spiromesifen Total (parent + enol metabolite),384,384,0,384,0,0,0,0,0.0,5.0,5.0,0.0,1.0,0.0,0.0,0.0,0.0,0.0,5.0,5.0,0.0,1.0,0.0,0.0,0.0,0.0,0.0,5.0,5.0,0.0,1.0,0.0,0.0,0.0,0.0,0.0,inf,inf,0.0,1.0,0.0,1.0,0.0,1.0
FC,AGJ,Fluoxastrobin,384,384,0,384,0,0,0,0,0.0,2.0,2.0,0.0,0.0,0.0,0.0,0.0,0.0,0.0,2.0,2.0,0.0,0.0,0.0,0.0,0.0,0.0,0.0,2.0,2.0,0.0,0.0,0.0,0.0,0.0,0.0,0.0,inf,inf,0.0,1.0,0.0,1.0,0.0,1.0
FC,AGR,"2,4-dimethylphenyl formamide (2,4-DMPF)",384,384,0,383,1,0,0,0,0.02265625,8.001822916666667,7.979166666666667,0.0026041666666666665,1.0,0.0,0.0,0.0,0.0,0.0026041666666666665,8.005208333333334,8.002604166666668,0.0,1.0,0.0,0.0,0.0,0.0,0.0,8.005208333333334,8.005208333333334,0.0,1.0,0.0,0.0,0.0,0.0,0.0,inf,inf,0.0,1.0,0.0,1.0,0.0,1.0
FC,B13,Chlorfenapyr,384,384,0,384,0,0,0,0,0.0,1.0,1.0,0.0,0.0,0.0,0.0,0.0,0.0,0.0,1.0,1.0,0.0,0.0,0.0,0.0,0.0,0.0,0.0,1.0,1.0,0.0,0.0,0.0,0.0,0.0,0.0,0.0,inf,inf,0.0,1.0,0.0,1.0,0.0,1.0
FC,B15,Isoxaflutole,384,384,0,384,0,0,0,0,0.0,30.0,30.0,0.0,1.0,0.0,1.0,0.0,1.0,0.0,30.0,30.0,0.0,1.0,0.0,1.0,0.0,1.0,0.0,30.0,30.0,0.0,1.0,0.0,1.0,0.0,1.0,0.0,inf,inf,0.0,1.0,0.0,1.0,0.0,1.0
FC,B16,Pyrimethanil,384,0,384,0,0,0,0,0,,,,,,,,,,,,,,,,,,,,,,,,,,,,,,,,,,,,
FC,B20,Bromuconazole,283,0,283,0,0,0,0,0,,,,,,,,,,,,,,,,,,,,,,,,,,,,,,,,,,,,
FC,B21,Carfentrazone ethyl,384,384,0,383,1,0,0,0,0.00390625,1.0013020833333333,0.9973958333333333,0.0,0.0,0.0,0.0,0.0,0.0,0.0026041666666666665,1.0234375,1.0208333333333333,0.0,0.0026041666666666665,0.0,0.0,0.0,0.0,0.0,1.0234375,1.0234375,0.0,0.0026041666666666665,0.0,0.0,0.0,0.0,0.0,inf,inf,0.0,1.0,0.0,1.0,0.0,1.0
FC,B22,Cyprodinil,384,0,384,0,0,0,0,0,,,,,,,,,,,,,,,,,,,,,,,,,,,,,,,,,,,,
FC,B26,Tefluthrin,384,384,0,384,0,0,0,0,0.0,1.0,1.0,0.0,0.0,0.0,0.0,0.0,0.0,0.0,1.0,1.0,0.0,0.0,0.0,0.0,0.0,0.0,0.0,1.0,1.0,0.0,0.0,0.0,0.0,0.0,0.0,0.0,inf,inf,0.0,1.0,0.0,1.0,0.0,1.0
FC,B41,Fenhexamid,384,384,0,384,0,0,0,0,0.0,2.0,2.0,0.0,0.0,0.0,0.0,0.0,0.0,0.0,2.0,2.0,0.0,0.0,0.0,0.0,0.0,0.0,0.0,2.0,2.0,0.0,0.0,0.0,0.0,0.0,0.0,0.0,inf,inf,0.0,1.0,0.0,1.0,0.0,1.0
FC,B43,Thiamethoxam,384,384,0,384,0,0,0,0,0.0,20.0,20.0,0.0,1.0,0.0,1.0,0.0,0.0,0.0,20.0,20.0,0.0,1.0,0.0,1.0,0.0,0.0,0.0,20.0,20.0,0.0,1.0,0.0,1.0,0.0,0.0,0.0,inf,inf,0.0,1.0,0.0,1.0,0.0,1.0
FC,B48,Azoxystrobin,384,384,0,384,0,0,0,0,0.0,1.0,1.0,0.0,0.0,0.0,0.0,0.0,0.0,0.0,1.0,1.0,0.0,0.0,0.0,0.0,0.0,0.0,0.0,1.0,1.0,0.0,0.0,0.0,0.0,0.0,0.0,0.0,inf,inf,0.0,1.0,0.0,1.0,0.0,1.0
FC,B52,Buprofezin,304,0,304,0,0,0,0,0,,,,,,,,,,,,,,,,,,,,,,,,,,,,,,,,,,,,
FC,B53,Epoxiconazole,144,144,0,144,0,0,0,0,0.0,1.0,1.0,0.0,0.0,0.0,0.0,0.0,0.0,0.0,1.0,1.0,0.0,0.0,0.0,0.0,0.0,0.0,0.0,1.0,1.0,0.0,0.0,0.0,0.0,0.0,0.0,0.0,inf,inf,0.0,1.0,0.0,1.0,0.0,1.0
FC,B56,Pyridaben,384,384,0,384,0,0,0,0,0.0,1.0,1.0,0.0,0.0,0.0,0.0,0.0,0.0,0.0,1.0,1.0,0.0,0.0,0.0,0.0,0.0,0.0,0.0,1.0,1.0,0.0,0.0,0.0,0.0,0.0,0.0,0.0,inf,inf,0.0,1.0,0.0,1.0,0.0,1.0
FC,B58,Difenoconazole,364,0,364,0,0,0,0,0,,,,,,,,,,,,,,,,,,,,,,,,,,,,,,,,,,,,
FC,B61,Pyraclostrobin,384,384,0,384,0,0,0,0,0.0,15.0,15.0,0.0,1.0,0.0,1.0,0.0,0.0,0.0,15.0,15.0,0.0,1.0,0.0,1.0,0.0,0.0,0.0,15.0,15.0,0.0,1.0,0.0,1.0,0.0,0.0,0.0,inf,inf,0.0,1.0,0.0,1.0,0.0,1.0
FC,B64,Fenamidone,384,384,0,384,0,0,0,0,0.0,3.0,3.0,0.0,1.0,0.0,0.0,0.0,0.0,0.0,3.0,3.0,0.0,1.0,0.0,0.0,0.0,0.0,0.0,3.0,3.0,0.0,1.0,0.0,0.0,0.0,0.0,0.0,inf,inf,0.0,1.0,0.0,1.0,0.0,1.0
FC,B68,Thiacloprid,384,384,0,384,0,0,0,0,0.0,2.0,2.0,0.0,0.0,0.0,0.0,0.0,0.0,0.0,2.0,2.0,0.0,0.0,0.0,0.0,0.0,0.0,0.0,2.0,2.0,0.0,0.0,0.0,0.0,0.0,0.0,0.0,inf,inf,0.0,1.0,0.0,1.0,0.0,1.0
FC,B70,Tolclofos methyl,384,384,0,384,0,0,0,0,0.0,3.0,3.0,0.0,1.0,0.0,0.0,0.0,0.0,0.0,3.0,3.0,0.0,1.0,0.0,0.0,0.0,0.0,0.0,3.0,3.0,0.0,1.0,0.0,0.0,0.0,0.0,0.0,inf,inf,0.0,1.0,0.0,1.0,0.0,1.0
FC,B72,Tetraconazole,384,384,0,384,0,0,0,0,0.0,2.0,2.0,0.0,0.0,0.0,0.0,0.0,0.0,0.0,2.0,2.0,0.0,0.0,0.0,0.0,0.0,0.0,0.0,2.0,2.0,0.0,0.0,0.0,0.0,0.0,0.0,0.0,inf,inf,0.0,1.0,0.0,1.0,0.0,1.0
FC,B75,Boscalid,384,384,0,384,0,0,0,0,0.0,6.0,6.0,0.0,1.0,0.0,0.0,0.0,0.0,0.0,6.0,6.0,0.0,1.0,0.0,0.0,0.0,0.0,0.0,6.0,6.0,0.0,1.0,0.0,0.0,0.0,0.0,0.0,inf,inf,0.0,1.0,0.0,1.0,0.0,1.0
FC,B77,Dimethomorph,384,384,0,384,0,0,0,0,0.0,5.0,5.0,0.0,1.0,0.0,0.0,0.0,0.0,0.0,5.0,5.0,0.0,1.0,0.0,0.0,0.0,0.0,0.0,5.0,5.0,0.0,1.0,0.0,0.0,0.0,0.0,0.0,inf,inf,0.0,1.0,0.0,1.0,0.0,1.0
FC,B80,Acetamiprid,384,384,0,384,0,0,0,0,0.0,16.0,16.0,0.0,1.0,0.0,1.0,0.0,0.0,0.0,16.0,16.0,0.0,1.0,0.0,1.0,0.0,0.0,0.0,16.0,16.0,0.0,1.0,0.0,1.0,0.0,0.0,0.0,inf,inf,0.0,1.0,0.0,1.0,0.0,1.0
FC,B82,Bifenazate,383,383,0,383,0,0,0,0,0.0,20.0,20.0,0.0,1.0,0.0,1.0,0.0,0.0,0.0,20.0,20.0,0.0,1.0,0.0,1.0,0.0,0.0,0.0,20.0,20.0,0.0,1.0,0.0,1.0,0.0,0.0,0.0,inf,inf,0.0,1.0,0.0,1.0,0.0,1.0
FC,B84,Etoxazole,364,0,364,0,0,0,0,0,,,,,,,,,,,,,,,,,,,,,,,,,,,,,,,,,,,,
FC,B85,Spirodiclofen,384,384,0,384,0,0,0,0,0.0,1.0,1.0,0.0,0.0,0.0,0.0,0.0,0.0,0.0,1.0,1.0,0.0,0.0,0.0,0.0,0.0,0.0,0.0,1.0,1.0,0.0,0.0,0.0,0.0,0.0,0.0,0.0,inf,inf,0.0,1.0,0.0,1.0,0.0,1.0
