analyte,analyte_name,2009_n_all,2009_n_working,2009_n_NP,2009_R0_width,2009_R1_width,2009_R0_upper,2009_R1_upper,2010_n_all,2010_n_working,2010_n_NP,2010_R0_width,2010_R1_width,2010_R0_upper,2010_R1_upper
001,Aldrin,543,543,0,5.0,5.0,5.0,5.0,384,384,0,5.0,5.0,5.0,5.0
002,Allethrin,543,543,0,5.0,5.0,5.0,5.0,384,384,0,5.0,5.0,5.0,5.0
011,Captan,543,543,0,5.0,5.0,5.0,5.0,384,384,0,5.0,5.0,5.0,5.0
024,Diazinon,543,543,0,1.0,1.0,1.0,1.0,384,384,0,1.0,1.0,1.0,1.0
028,Dieldrin,543,543,0,4.94475138121547,5.49171270718232,5.0843462246777165,5.552486187845304,384,384,0,5.0,5.0,5.0,5.0
032,Diuron,543,543,0,14.880294659300183,25.65377532228361,17.591896869244934,26.85082872928177,384,384,0,14.999999999999998,24.84375,18.014062499999998,25.9375
034,Endrin,543,543,0,5.0,5.0,5.0,5.0,384,384,0,5.0,5.0,5.0,5.0
035,EPN,543,543,0,1.0,1.0,1.0,1.0,384,384,0,1.0,1.0,1.0,1.0
042,Azinphos methyl,543,543,0,2.0,2.0,2.0,2.0,384,384,0,1.9947916666666665,2.018229166666667,2.0015625,2.0208333333333335
044,Heptachlor,543,543,0,5.0,5.0,5.0,5.0,384,384,0,5.0,5.0,5.0,5.0
050,Lindane (BHC gamma),543,543,0,1.9926335174953957,2.025782688766114,2.002394106813996,2.029465930018416,384,384,0,1.9791666666666663,2.072916666666667,2.0124999999999997,2.0833333333333335
057,Parathion methyl,543,543,0,1.0,1.0,1.0,1.0,384,384,0,1.0,1.0,1.0,1.0
058,MGK-264,543,543,0,11.56537753222836,11.731123388581953,11.594843462246777,11.749539594843462,384,384,0,15.0,15.0,15.0,15.0
069,Mevinphos Total,543,543,0,10.0,10.0,10.0,10.0,384,384,0,10.0,10.0,10.0,10.0
070,Piperonyl butoxide,543,543,0,5.922651933701658,6.270718232044199,6.103683241252303,6.30939226519337,383,383,0,8.0,8.0,8.0,8.0
075,Pyrethrins,543,543,0,10.0,10.0,10.0,10.0,384,384,0,10.0,10.0,10.0,10.0
102,Carbaryl,543,543,0,5.0,5.0,5.0,5.0,384,384,0,5.0,5.0,5.0,5.0
108,Tetradifon,543,543,0,1.0,1.0,1.0,1.0,384,384,0,1.0,1.0,1.0,1.0
114,Chlorpropham,543,543,0,16.593001841620627,16.593001841620627,16.593001841620627,16.593001841620627,384,384,0,20.0,20.0,20.0,20.0
117,Disulfoton,543,543,0,5.0,5.0,5.0,5.0,384,384,0,5.0,5.0,5.0,5.0
124,Coumaphos,543,543,0,1.0,1.0,1.0,1.0,384,384,0,1.0,1.0,1.0,1.0
125,Diphenylamine (DPA),543,543,0,1.6464088397790055,1.7624309392265192,1.665193370165746,1.7753222836095763,384,384,0,1.8958333333333333,2.364583333333333,2.0455729166666665,2.4166666666666665
129,Linuron,543,543,0,5.0,5.0,5.0,5.0,384,384,0,5.0,5.0,5.0,5.0
134,DCPA,543,543,0,1.0,1.0,1.0,1.0,384,384,0,1.0,1.0,1.0,1.0
143,Heptachlor epoxide,543,543,0,5.0,5.0,5.0,5.0,384,384,0,5.0,5.0,5.0,5.0
144,Dicloran,543,543,0,1.0,1.0,1.0,1.0,384,384,0,1.0,1.0,1.0,1.0
148,Phorate,543,543,0,8.933701657458563,8.933701657458563,8.933701657458563,8.933701657458563,384,384,0,12.0,12.0,12.0,12.0
149,Simazine,543,543,0,3.0,3.0,3.0,3.0,384,384,0,3.0,3.0,3.0,3.0
151,Trifluralin,543,543,0,0.9852670349907919,1.714548802946593,1.3241252302025783,1.7955801104972375,384,384,0,0.9921874999999999,1.0625,1.0130208333333333,1.0703125
158,Nitrofen,543,543,0,1.0,1.0,1.0,1.0,384,384,0,1.0,1.0,1.0,1.0
160,Chlorpyrifos,543,543,0,0.9447513812154695,1.889502762430939,1.225598526703499,1.9944751381215469,384,384,0,0.9036458333333334,2.6145833333333335,1.4140625,2.8046875
162,Propoxur,543,543,0,25.0,25.0,25.0,25.0,384,384,0,25.0,25.0,25.0,25.0
165,Phosmet,543,543,0,3.0,3.0,3.0,3.0,384,384,0,3.0,3.0,3.0,3.0
166,Phosalone,543,543,0,8.933701657458563,8.933701657458563,8.933701657458563,8.933701657458563,384,384,0,12.0,12.0,12.0,12.0
167,Aldicarb,543,543,0,25.0,25.0,25.0,25.0,384,384,0,25.0,25.0,25.0,25.0
168,Aldicarb sulfone,543,543,0,10.0,10.0,10.0,10.0,384,384,0,10.0,10.0,10.0,10.0
171,Dimethoate,543,543,0,4.0,4.0,4.0,4.0,384,384,0,4.0,4.0,4.0,4.0
172,Chlordane trans,543,543,0,0.9981583793738491,1.014732965009208,1.0003683241252304,1.0165745856353592,384,384,0,1.0,1.0,1.0,1.0
173,Chlordane cis,543,543,0,0.996316758747698,1.0294659300184161,1.0009208103130756,1.0331491712707181,384,384,0,0.9973958333333333,1.0208333333333333,1.00078125,1.0234375
176,Tetrachlorvinphos,543,543,0,2.0,2.0,2.0,2.0,384,384,0,2.0,2.0,2.0,2.0
177,Fenthion,543,543,0,6.955801104972376,6.955801104972376,6.955801104972376,6.955801104972376,384,384,0,9.0,9.0,9.0,9.0
180,Carbofuran,543,543,0,2.0,2.0,2.0,2.0,384,384,0,2.0,2.0,2.0,2.0
181,Metribuzin,543,543,0,1.0,1.0,1.0,1.0,384,384,0,1.0,1.0,1.0,1.0
191,Benfluralin,543,543,0,1.0,1.0,1.0,1.0,384,384,0,1.0,1.0,1.0,1.0
202,Carbophenothion,543,543,0,1.0,1.0,1.0,1.0,384,384,0,1.0,1.0,1.0,1.0
205,Terbufos,543,543,0,5.0,5.0,5.0,5.0,384,384,0,5.0,5.0,5.0,5.0
206,Nonachlor trans,543,543,0,0.9963167587476981,1.0294659300184161,1.0040515653775324,1.0331491712707181,384,384,0,0.9973958333333331,1.0208333333333333,1.0023437499999999,1.0234375
207,Nonachlor cis,543,543,0,0.998158379373849,1.014732965009208,1.0,1.0165745856353592,384,384,0,0.9973958333333334,1.0208333333333333,1.0002604166666667,1.0234375
227,Alachlor,543,543,0,8.296500920810313,8.296500920810313,8.296500920810313,8.296500920810313,384,384,0,10.0,10.0,10.0,10.0
229,Flucythrinate,543,543,0,14.88950276243094,14.88950276243094,14.88950276243094,14.88950276243094,384,384,0,20.0,20.0,20.0,20.0
230,Pendimethalin,543,543,0,1.9742173112338857,2.2394106813996317,2.0502762430939225,2.268876611418048,384,384,0,1.9583333333333335,2.778645833333333,2.4799479166666667,2.8697916666666665
235,Chlorpyrifos methyl,543,543,0,0.9852670349907917,1.117863720073665,1.0033149171270717,1.132596685082873,384,384,0,0.9869791666666667,1.1041666666666667,1.0072916666666667,1.1171875
254,"Dicofol p,p'",543,543,0,0.990791896869245,1.0736648250460403,1.0060773480662983,1.0828729281767955,384,384,0,1.0,1.0,1.0,1.0
271,Fenarimol,543,543,0,1.0,1.0,1.0,1.0,384,384,0,1.0,1.0,1.0,1.0
275,"Methoxychlor p,p'",543,543,0,4.637200736648251,4.637200736648251,4.637200736648251,4.637200736648251,384,384,0,6.0,6.0,6.0,6.0
280,Fluchloralin,543,543,0,4.637200736648251,4.637200736648251,4.637200736648251,4.637200736648251,384,384,0,6.0,6.0,6.0,6.0
283,Metolachlor,543,543,0,3.3186003683241254,3.3186003683241254,3.3186003683241254,3.3186003683241254,384,384,0,4.0,4.0,4.0,4.0
292,Fluazifop butyl,543,543,0,1.6593001841620627,1.6593001841620627,1.6593001841620627,1.6593001841620627,304,304,0,2.0,2.0,2.0,2.0
297,Fluvalinate,543,543,0,1.0,1.0,1.0,1.0,384,384,0,1.0,1.0,1.0,1.0
299,Diclofop methyl,543,543,0,1.6593001841620627,1.6593001841620627,1.6593001841620627,1.6593001841620627,384,384,0,2.0,2.0,2.0,2.0
304,Quintozene (PCNB),521,521,0,1.0,1.0,1.0,1.0,384,384,0,1.0,1.0,1.0,1.0
305,Atrazine,543,543,0,1.985267034990792,2.2007366482504604,2.0355432780847145,2.2246777163904237,384,384,0,1.984375,2.0546875,2.021875,2.0625
310,Propham,543,543,0,5.0,5.0,5.0,5.0,384,384,0,5.0,5.0,5.0,5.0
321,Hexachlorobenzene (HCB),543,543,0,0.996316758747698,1.0294659300184161,1.0057090239410682,1.0331491712707181,384,384,0,0.9973958333333333,1.0208333333333333,1.0013020833333333,1.0234375
330,Diphenamid,543,543,0,1.0,1.0,1.0,1.0,384,384,0,1.0,1.0,1.0,1.0
333,Propazine,543,543,0,1.0,1.0,1.0,1.0,384,384,0,1.0,1.0,1.0,1.0
338,Dichlorvos (DDVP),543,543,0,6.955801104972376,6.955801104972376,6.955801104972376,6.955801104972376,384,384,0,9.0,9.0,9.0,9.0
351,Pentachloroaniline (PCA),543,543,0,0.9889502762430941,1.0883977900552486,1.0149171270718234,1.0994475138121547,384,384,0,0.9739583333333335,1.2083333333333333,1.0098958333333334,1.234375
352,Mirex,543,543,0,2.0,2.0,2.0,2.0,384,384,0,2.0,2.0,2.0,2.0
382,1-Naphthol,543,543,0,4.9779005524861875,4.9779005524861875,4.9779005524861875,4.9779005524861875,384,384,0,6.0,6.0,6.0,6.0
391,Fenitrothion,543,543,0,1.0,1.0,1.0,1.0,384,384,0,1.0,1.0,1.0,1.0
512,3-Hydroxycarbofuran,543,543,0,4.0,4.0,4.0,4.0,384,384,0,4.0,4.0,4.0,4.0
529,Vinclozolin,543,543,0,1.0,1.0,1.0,1.0,384,384,0,1.0,1.0,1.0,1.0
537,Oxamyl,543,543,0,6.0,6.0,6.0,6.0,384,384,0,6.0,6.0,6.0,6.0
540,Pronamide,543,543,0,1.0,1.0,1.0,1.0,384,384,0,1.0,1.0,1.0,1.0
556,Resmethrin,543,543,0,6.296500920810313,6.296500920810313,6.296500920810313,6.296500920810313,224,224,0,8.0,8.0,8.0,8.0
596,Norflurazon,543,543,0,2.0,2.0,2.0,2.0,384,384,0,2.0,2.0,2.0,2.0
597,Cypermethrin,543,543,0,0.9815837937384898,1.147329650092081,1.014732965009208,1.1657458563535912,384,384,0,0.9843749999999999,1.3359375,1.0531249999999999,1.375
607,Metalaxyl,543,283,260,2.0,2.0,2.0,2.0,384,384,0,2.0,2.0,2.0,2.0
609,Sulprofos,543,543,0,5.955801104972376,5.955801104972376,5.955801104972376,5.955801104972376,384,384,0,8.0,8.0,8.0,8.0
612,Deltamethrin (includes parent Tralomethrin),543,543,0,10.0,10.0,10.0,10.0,384,384,0,9.973958333333334,10.208333333333334,10.004687500000001,10.234375
621,Tri Allate,543,543,0,4.637200736648251,4.637200736648251,4.637200736648251,4.637200736648251,384,384,0,6.0,6.0,6.0,6.0
623,Propargite,543,543,0,8.278084714548804,8.443830570902394,8.338489871086557,8.462246777163903,363,363,0,10.0,10.0,10.0,10.0
624,Tetrahydrophthalimide (THPI),543,543,0,19.91160220994475,19.91160220994475,19.91160220994475,19.91160220994475,384,384,0,24.0,24.0,24.0,24.0
625,Oxadiazon,543,543,0,1.9963167587476982,2.012891344383057,2.0005524861878454,2.014732965009208,384,384,0,1.9843750000000002,2.0546875,2.008072916666667,2.0625
626,Iprodione,543,543,0,5.0,5.0,5.0,5.0,384,384,0,5.0,5.0,5.0,5.0
636,Propetamphos,543,543,0,6.933701657458563,6.933701657458563,6.933701657458563,6.933701657458563,384,384,0,9.973958333333334,10.208333333333334,10.003385416666667,10.234375
651,Diflubenzuron,543,543,0,13.0,13.0,13.0,13.0,384,384,0,13.0,13.0,13.0,13.0
668,Chloroxuron,543,543,0,8.0,8.0,8.0,8.0,384,384,0,8.0,8.0,8.0,8.0
675,Propachlor,543,543,0,8.933701657458563,8.933701657458563,8.933701657458563,8.933701657458563,384,384,0,12.0,12.0,12.0,12.0
679,Myclobutanil,543,283,260,10.0,10.0,10.0,10.0,384,384,0,10.0,10.0,10.0,10.0
699,Clofentezine,543,543,0,6.0,6.0,6.0,6.0,384,384,0,6.0,6.0,6.0,6.0
719,Clomazone,543,543,0,3.0,3.0,3.0,3.0,384,384,0,3.0,3.0,3.0,3.0
721,Ethalfluralin,543,543,0,1.0,1.0,1.0,1.0,384,384,0,1.0,1.0,1.0,1.0
722,Etridiazole,543,543,0,4.9779005524861875,4.9779005524861875,4.9779005524861875,4.9779005524861875,384,384,0,6.0,6.0,6.0,6.0
726,Thiobencarb,543,543,0,16.593001841620627,16.593001841620627,16.593001841620627,16.593001841620627,364,364,0,20.0,20.0,20.0,20.0
728,Bifenox,543,543,0,8.933701657458563,8.933701657458563,8.933701657458563,8.933701657458563,344,344,0,12.0,12.0,12.0,12.0
736,Fluridone,543,543,0,8.296500920810313,8.296500920810313,8.296500920810313,8.296500920810313,384,384,0,10.0,10.0,10.0,10.0
749,Temephos,543,543,0,4.0,4.0,4.0,4.0,384,384,0,4.0,4.0,4.0,4.0
775,Dinitramine,543,543,0,1.0,1.0,1.0,1.0,384,384,0,1.0,1.0,1.0,1.0
777,Fenoxaprop ethyl,543,543,0,3.3186003683241254,3.3186003683241254,3.3186003683241254,3.3186003683241254,384,384,0,4.0,4.0,4.0,4.0
780,Tebuthiuron,543,283,260,2.0,2.0,2.0,2.0,384,384,0,2.0,2.0,2.0,2.0
781,Cyfluthrin,543,543,0,1.0,1.0,1.0,1.0,384,384,0,1.0,1.0,1.0,1.0
783,Butylate,543,543,0,3.3186003683241254,3.3186003683241254,3.3186003683241254,3.3186003683241254,384,384,0,4.0,4.0,4.0,4.0
791,Phenmedipham,543,543,0,13.0,13.0,13.0,13.0,384,384,0,13.0,13.0,13.0,13.0
796,Tridiphane,543,543,0,8.593001841620627,8.593001841620627,8.593001841620627,8.593001841620627,384,384,0,12.0,12.0,12.0,12.0
807,Acetochlor,543,543,0,4.955801104972375,4.988950276243093,4.986187845303867,4.9926335174953955,384,384,0,5.984375,6.0078125,6.006770833333333,6.010416666666667
808,Fenpropathrin,543,543,0,14.88950276243094,14.88950276243094,14.88950276243094,14.88950276243094,363,363,0,20.0,20.0,20.0,20.0
811,Fenoxycarb,543,543,0,10.0,10.0,10.0,10.0,363,363,0,10.0,10.0,10.0,10.0
814,Prodiamine,543,543,0,2.3186003683241254,2.3186003683241254,2.3186003683241254,2.3186003683241254,384,384,0,3.0,3.0,3.0,3.0
834,Flumetralin,543,543,0,1.0,1.0,1.0,1.0,384,384,0,1.0,1.0,1.0,1.0
848,Phenothrin,543,543,0,8.933701657458563,8.933701657458563,8.933701657458563,8.933701657458563,324,324,0,12.0,12.0,12.0,12.0
900,Endosulfan I,543,543,0,0.9871086556169428,1.1031307550644567,1.0099447513812154,1.1160220994475138,384,384,0,0.9973958333333333,1.0208333333333333,1.0005208333333333,1.0234375
901,Endosulfan II,543,543,0,0.9963167587476979,1.0294659300184161,1.0053406998158378,1.0331491712707181,384,384,0,1.0,1.0,1.0,1.0
902,Endosulfan sulfate,543,543,0,0.9410681399631677,2.366482504604052,1.3005524861878455,2.5248618784530388,384,384,0,0.921875,2.6796875,1.3408854166666666,2.875
903,BHC alpha,543,543,0,0.988950276243094,1.0883977900552486,1.0206261510128913,1.0994475138121547,384,384,0,0.9765625,1.1875,1.0713541666666666,1.2109375
904,BHC beta,543,543,0,5.0,5.0,5.0,5.0,384,384,0,4.986979166666667,5.010416666666666,5.005729166666667,5.013020833333333
905,BHC delta,543,543,0,0.9981583793738491,1.014732965009208,1.0055248618784531,1.0165745856353592,384,384,0,0.9895833333333334,1.0833333333333333,1.0390625,1.09375
906,"DDT p,p'",543,543,0,3.303867403314917,3.3535911602209945,3.3261510128913443,3.3591160220994474,324,324,0,4.0,4.0,4.0,4.0
908,"DDD p,p'",543,543,0,1.2117863720073663,13.443830570902394,4.885819521178637,14.802946593001842,384,384,0,1.458333333333334,21.614583333333336,6.971875,23.854166666666668
909,"DDD o,p'",543,543,0,1.5432780847145486,3.1841620626151013,2.004235727440147,3.3664825046040514,244,244,0,1.9918032786885242,2.360655737704918,2.2409836065573767,2.401639344262295
910,"DDE p,p'",543,543,0,0.624309392265193,inf,19.717863720073662,inf,384,384,0,0.6822916666666643,inf,24.425,inf
911,"DDE o,p'",543,543,0,1.6224677716390423,2.0202578268876614,1.6924493554327809,2.0644567219152856,384,384,0,1.9791666666666663,2.072916666666667,2.0085937499999997,2.0833333333333335
930,Bifenthrin,543,543,0,0.8379373848987108,2.296500920810313,1.18195211786372,2.458563535911602,384,384,0,0.6614583333333333,3.9192708333333335,1.7278645833333333,4.28125
943,Thiodicarb,543,543,0,50.0,50.0,50.0,50.0,384,384,0,50.0,50.0,50.0,50.0
945,Ethofumesate,543,543,0,4.0,4.0,4.0,4.0,384,384,0,4.0,4.0,4.0,4.0
946,Isopropalin,543,543,0,7.274401473296501,7.274401473296501,7.274401473296501,7.274401473296501,384,384,0,10.0,10.0,10.0,10.0
947,Tetramethrin,543,543,0,3.0,3.0,3.0,3.0,384,384,0,3.0,3.0,3.0,3.0
960,Butralin,543,543,0,4.637200736648251,4.637200736648251,4.637200736648251,4.637200736648251,384,384,0,6.0,6.0,6.0,6.0
967,Imidacloprid,543,543,0,10.0,10.0,10.0,10.0,384,384,0,10.0,10.0,10.0,10.0
A15,Chlorethoxyfos,543,543,0,1.0,1.0,1.0,1.0,384,384,0,1.0,1.0,1.0,1.0
A30,Fenbuconazole,543,543,0,4.0,4.0,4.0,4.0,384,384,0,4.0,4.0,4.0,4.0
A38,Lactofen,543,543,0,4.9779005524861875,4.9779005524861875,4.9779005524861875,4.9779005524861875,364,364,0,6.0,6.0,6.0,6.0
A47,Oxamyl oxime,543,543,0,16.0,16.0,16.0,16.0,384,384,0,16.0,16.0,16.0,16.0
A59,Tebupirimfos,543,543,0,2.3186003683241254,2.3186003683241254,2.3186003683241254,2.3186003683241254,384,384,0,3.0,3.0,3.0,3.0
A82,Fipronil,543,543,0,6.955801104972376,6.955801104972376,6.955801104972376,6.955801104972376,384,384,0,9.0,9.0,9.0,9.0
AAV,Flumiclorac pentyl,543,543,0,4.9779005524861875,4.9779005524861875,4.9779005524861875,4.9779005524861875,384,384,0,6.0,6.0,6.0,6.0
ABG,Tebufenozide,543,543,0,25.0,25.0,25.0,25.0,384,384,0,25.0,25.0,25.0,25.0
ADC,Prallethrin,543,543,0,1.996316758747698,2.012891344383057,2.0009208103130756,2.014732965009208,384,384,0,2.0,2.0,2.0,2.0
ADD,Dimethenamid,543,543,0,4.9779005524861875,4.9779005524861875,4.9779005524861875,4.9779005524861875,384,384,0,6.0,6.0,6.0,6.0
ADE,Esfenvalerate+Fenvalerate Total,543,543,0,0.9834254143646408,1.1325966850828728,1.03646408839779,1.149171270718232,384,384,0,0.9895833333333334,1.2942708333333333,1.0736979166666667,1.328125
ADG,Indoxacarb,543,543,0,13.0,13.0,13.0,13.0,384,384,0,13.0,13.0,13.0,13.0
ADH,Cyphenothrin,543,543,0,14.852670349907918,15.018416206261511,14.923941068139962,15.03683241252302,384,384,0,19.947916666666668,22.291666666666664,20.213541666666668,22.552083333333332
ADJ,Fluroxypyr 1-methylheptyl ester,521,521,0,1.0,1.0,1.0,1.0,384,384,0,1.0,1.0,1.0,1.0
ADK,Imiprothrin,543,543,0,23.186003683241253,23.186003683241253,23.186003683241253,23.186003683241253,363,363,0,30.0,30.0,30.0,30.0
ADL,MGK-326 (dipropyl isocinchomeronate),543,543,0,4.9779005524861875,4.9779005524861875,4.9779005524861875,4.9779005524861875,384,384,0,6.0,6.0,6.0,6.0
AEC,Hydroprene,543,543,0,8.933701657458563,8.933701657458563,8.933701657458563,8.933701657458563,384,384,0,12.0,12.0,12.0,12.0
AEL,"Cyhalothrin, Total (Cyhalothrin-L + R157836 epimer)",543,543,0,0.990791896869245,1.0736648250460403,1.0243093922651934,1.0828729281767955,384,384,0,0.9947916666666665,1.0416666666666667,1.0057291666666666,1.046875
AEP,Clothianidin,543,543,0,10.0,10.0,10.0,10.0,384,384,0,10.0,10.0,10.0,10.0
AES,Methoxyfenozide,543,543,0,2.0,2.0,2.0,2.0,384,384,0,2.0,2.0,2.0,2.0
AEV,Sethoxydim,543,543,0,2.0,2.0,2.0,2.0,384,384,0,2.0,2.0,2.0,2.0
AEW,Famoxadone,543,543,0,16.593001841620627,16.593001841620627,16.593001841620627,16.593001841620627,384,384,0,20.0,20.0,20.0,20.0
AFS,Fenpyroximate,543,543,0,2.0,2.0,2.0,2.0,384,384,0,2.0,2.0,2.0,2.0
AFW,Spiromesifen Total (parent + enol metabolite),543,543,0,5.0,5.0,5.0,5.0,384,384,0,5.0,5.0,5.0,5.0
AGJ,Fluoxastrobin,543,543,0,2.0,2.0,2.0,2.0,384,384,0,2.0,2.0,2.0,2.0
AGR,"2,4-dimethylphenyl formamide (2,4-DMPF)",543,543,0,5.955801104972376,5.955801104972376,5.955801104972376,5.955801104972376,384,384,0,7.979166666666667,8.002604166666668,8.001822916666667,8.005208333333334
B13,Chlorfenapyr,543,543,0,1.0,1.0,1.0,1.0,384,384,0,1.0,1.0,1.0,1.0
B15,Isoxaflutole,543,543,0,20.80110497237569,20.80110497237569,20.80110497237569,20.80110497237569,384,384,0,30.0,30.0,30.0,30.0
B21,Carfentrazone ethyl,521,521,0,1.0,1.0,1.0,1.0,384,384,0,0.9973958333333333,1.0208333333333333,1.0013020833333333,1.0234375
B26,Tefluthrin,543,543,0,1.0,1.0,1.0,1.0,384,384,0,1.0,1.0,1.0,1.0
B41,Fenhexamid,543,543,0,2.0,2.0,2.0,2.0,384,384,0,2.0,2.0,2.0,2.0
B43,Thiamethoxam,543,543,0,20.0,20.0,20.0,20.0,384,384,0,20.0,20.0,20.0,20.0
B48,Azoxystrobin,543,543,0,1.0,1.0,1.0,1.0,384,384,0,1.0,1.0,1.0,1.0
B53,Epoxiconazole,543,543,0,1.0,1.0,1.0,1.0,144,144,0,1.0,1.0,1.0,1.0
B56,Pyridaben,543,543,0,1.0,1.0,1.0,1.0,384,384,0,1.0,1.0,1.0,1.0
B61,Pyraclostrobin,543,543,0,15.0,15.0,15.0,15.0,384,384,0,15.0,15.0,15.0,15.0
B64,Fenamidone,543,543,0,3.0,3.0,3.0,3.0,384,384,0,3.0,3.0,3.0,3.0
B68,Thiacloprid,543,543,0,2.0,2.0,2.0,2.0,384,384,0,2.0,2.0,2.0,2.0
B70,Tolclofos methyl,543,543,0,3.0,3.0,3.0,3.0,384,384,0,3.0,3.0,3.0,3.0
B72,Tetraconazole,543,543,0,1.996316758747698,2.012891344383057,2.0,2.014732965009208,384,384,0,2.0,2.0,2.0,2.0
B75,Boscalid,543,543,0,4.9779005524861875,4.9779005524861875,4.9779005524861875,4.9779005524861875,384,384,0,6.0,6.0,6.0,6.0
B77,Dimethomorph,543,543,0,5.0,5.0,5.0,5.0,384,384,0,5.0,5.0,5.0,5.0
B80,Acetamiprid,543,543,0,16.0,16.0,16.0,16.0,384,384,0,16.0,16.0,16.0,16.0
B82,Bifenazate,543,543,0,16.593001841620627,16.593001841620627,16.593001841620627,16.593001841620627,383,383,0,20.0,20.0,20.0,20.0
B85,Spirodiclofen,543,543,0,1.0,1.0,1.0,1.0,384,384,0,1.0,1.0,1.0,1.0
