relative_path,bytes,md5,sha256,expected_md5,hash_status
efsa_catalogues_2026/DCF_catalogues.zip,55767684,66da7ba8448fe68e6bf87f40435cd1f7,3f97cc55e08f27e6d9d118771cc0cc2ac06ab050500b7a938d570624b0766f1b,66da7ba8448fe68e6bf87f40435cd1f7,PASS
efsa_pesticides_luxembourg/MOPER_ALL_DATA_SSD2_2024_LU.ZIP,10868449,74e983751aea4ded9dd5410cd0c445dc,33c131512de84343939916ab315646d46aafaae27467d6ee05d0eaf89e0ff416,74e983751aea4ded9dd5410cd0c445dc,PASS
efsa_vmpr_belgium/VMPR_2024_BE.ZIP,11871776,b7536c29335842ec39384d78b88dff87,b2c3ff872060439de3f44d006881bd67697c32dd5bad59ae6e13031bf141fb7d,b7536c29335842ec39384d78b88dff87,PASS
faostat_feed/catalog_package.json,16206,6e2e61a882f93a50e3c11ca4036d09e3,76a4313f034fed2b99e187d04101af1da0fcaacf6918b13cf82169a3094af2f6,,PASS
faostat_feed/feeds-fct-fbs-food-balances.query.sql,227,4b1e51c53e206e050f5fea16c6856a35,6059fd78e011b0f12f5e4ca67b24ddc93fa73199b7a3c08242e9790c293fedce,,PASS
faostat_feed/feeds-fct-fbs-food-balances.schema.json,5734,01f64015b2919fdf5fd7897348b38971,63ef3c196e86b70281d01d3d83079fc682e72f5c08afa25c15b925455c2ecb8f,,PASS
faostat_feed/pilot_items/2511_wheat_and_products.csv,211385,e6e5b4f1742266d72465b4c64bfa8f55,844cb5dd45122b37ffdc084ab608177197094557cb63bcf6fce41e7a6dd4bed8,,PASS
faostat_feed/pilot_items/2513_barley_and_products.csv,192312,d2b5a0eb9390804daeff9cf243b03137,84333695ae7533f03da0434440b291f208d83efa2697d893fa7c6ee25c07669b,,PASS
faostat_feed/pilot_items/2514_maize_and_products.csv,215320,600c3d9a34833c36e61a10a6de0a316c,7845771261527a54e4ac203d4f211443b381d6576e97367a7b11c4e8756112ad,,PASS
faostat_feed/pilot_items/2516_oats.csv,156767,d73ca257bbe619330a810e68d7e42e7e,a74b9380529e91e6fdde5ee728e1f963546a943113fb918f58201f179332a376,,PASS
faostat_feed/pilot_items/2555_soyabeans.csv,162893,33aed5a40bbbe573bd6e313d3843420a,b24bd089ba6b0ae44645be10b227da27bffed342edde9dcb7663bec5e1febd71,,PASS
faostat_feed/pilot_items/2557_sunflower_seed.csv,159312,9d0229c216e6cd5b482bdfde136b3f36,393dc1c14977f94a3c2d9418884de5be27fd232a27fea8d2ee60230290352f2c,,PASS
faostat_feed/pilot_items/2558_rape_and_mustardseed.csv,181129,8dd3afee78b83e5452b66bd4c798d5af,059c690d781aa29f8bca56641885e5e24db6e3b4d9dcec037906cd0f067d2a5b,,PASS
faostat_trade_metadata/catalog_package.json,18543,982c5052ad745f21f2ff84268539cbdb,4b1297fe05e885dd84eaaa5a7d8a8de51bd991da1876eabc347b729de398ef7b,,PASS
faostat_trade_metadata/tm-detailed-trade-matrix-schema.json,61591,14b1cb6a0967b4ba97dc5be0ec6b6e27,1284eb3c146b462cfade798adb5006e03c2fc56f181eff9bbded6449c7fa0ca2,,PASS
methods/OECD_GD73_2013.pdf,1315930,e27572367a90354c394614613d85a84f,188a2eb80f00caba934c12d75a194071427a4db10aeaf3c529037936a977df0e,,PASS
